Total.acumulado.desde.el.inicio..31.01.20.;Total acumulado hasta 2020-05-18;Casos de hoy
Total acumulado de **casos confirmados**;14796;
Total acumulado de **casos confirmados que han necesitado hospitalizaci�n** (incluyendo UCI);5482;344
Total acumulado de **casos confirmados que han necesitado UCI**;727;56
Total acumulado de **casos confirmados dados de alta epidemiol�gica**;10105;
Total acumulado de **casos confirmados fallecidos**;1394;
Total acumulado de casos confirmados en profesionales sanitarios;2689;
