Departamento de Salud;Casos acumulados desde 31-01-2020;Tasa x 100000 habitantes;Habitantes del Departamento de Salud en 2019
DEPARTAMENT DE SALUT DE VINAROS;211;232,3;90816
DEPARTAMENT DE SALUT DE CASTELLO;817;288,7;283021
DEPARTAMENT DE SALUT DE LA PLANA;833;444,8;187258
DEPARTAMENT DE SALUT DE SAGUNT;518;338,6;152999
DEPARTAMENT DE SALUT DE VCIA CLINIC-LA MALVA-ROSA;1024;296,2;345762
DEPARTAMENT DE SALUT VCIA ARNAU DE VILANOVA LLIRIA;800;250,2;319787
DEPARTAMENT DE SALUT DE VALENCIA - LA FE;944;327,2;288530
DEPARTAMENT DE SALUT DE REQUENA;439;852,6;51489
DEPARTAMENT DE SALUT DE VALENCIA -HOSPITAL GENERAL;1125;309,1;364017
DEPARTAMENT DE SALUT DE VALENCIA - DOCTOR PESET;795;284,4;279561
DEPARTAMENT DE SALUT DE LA RIBERA;498;191,7;259746
DEPARTAMENT DE SALUT DE GANDIA;244;137,3;177754
DEPARTAMENT DE SALUT DE DENIA;225;131;171741
DEPARTAMENT DE SALUT DE XATIVA - ONTINYENT;325;167,1;194513
DEPARTAMENT DE SALUT D'ALCOI;493;359,7;137051
DEPARTAMENT DE SALUT DE LA MARINA BAIXA;708;382,1;185316
DEPARTAMENT DE SALUT D'ALACANT-SANT JOAN D'ALACANT;665;298,5;222767
DEPARTAMENT DE SALUT D'ELDA;611;322,3;189600
DEPARTAMENT DE SALUT D'ALACANT - HOSPITAL GENERAL;825;296,7;278095
DEPARTAMENT DE SALUT D'ELX - HOSPITAL GENERAL;427;252,2;169314
DEPARTAMENT DE SALUT D'ORIHUELA;183;108,8;168148
DEPARTAMENT DE SALUT DE TORREVIEJA;435;233,8;186025
DEPARTAMENT DE SALUT DE MANISES;523;252,4;207215
DEPARTAMENT DE SALUT DE ELX-CREVILLENT;207;132,3;156506
