Total.acumulado.desde.el.inicio..31.01.20.;Total acumulado hasta 2020-05-04;Casos de hoy
Total acumulado de **casos confirmados**;12883;
Total acumulado de **casos confirmados que han necesitado hospitalizaci�n** (incluyendo UCI);5214;606
Total acumulado de **casos confirmados que han necesitado UCI**;701;105
Total acumulado de **casos confirmados dados de alta epidemiol�gica**;7655;
Total acumulado de **casos confirmados fallecidos**;1289;
Total acumulado de casos confirmados en profesionales sanitarios;2389;
