Total.acumulado.desde.el.inicio..31.01.20.;Total acumulado hasta 2020-05-09;Casos de hoy
Total acumulado de **casos confirmados**;13840;
Total acumulado de **casos confirmados que han necesitado hospitalizaci�n** (incluyendo UCI);5354;480
Total acumulado de **casos confirmados que han necesitado UCI**;716;87
Total acumulado de **casos confirmados dados de alta epidemiol�gica**;8861;
Total acumulado de **casos confirmados fallecidos**;1338;
Total acumulado de casos confirmados en profesionales sanitarios;2628;
