Total.acumulado.desde.el.inicio..31.01.20.;Total acumulado hasta 2020-05-05;Casos de hoy
Total acumulado de **casos confirmados**;13064;
Total acumulado de **casos confirmados que han necesitado hospitalización** (incluyendo UCI);5225;572
Total acumulado de **casos confirmados que han necesitado UCI**;701;102
Total acumulado de **casos confirmados dados de alta epidemiológica**;7747;
Total acumulado de **casos confirmados fallecidos**;1302;
Total acumulado de casos confirmados en profesionales sanitarios;2461;
