Total.acumulado.desde.el.inicio..31.01.20.;Total acumulado hasta 2020-05-16;Casos de hoy
Total acumulado de **casos confirmados**;14680;
Total acumulado de **casos confirmados que han necesitado hospitalizaci�n** (incluyendo UCI);5454;353
Total acumulado de **casos confirmados que han necesitado UCI**;723;59
Total acumulado de **casos confirmados dados de alta epidemiol�gica**;9907;
Total acumulado de **casos confirmados fallecidos**;1384;
Total acumulado de casos confirmados en profesionales sanitarios;2685;
