Total.acumulado.desde.el.inicio..31.01.20.;Total acumulado hasta 2020-05-01;Casos de hoy
Total acumulado de **casos confirmados**;12514;
Total acumulado de **casos confirmados que han necesitado hospitalizaci�n** (incluyendo UCI);5153;638
Total acumulado de **casos confirmados que han necesitado UCI**;695;120
Total acumulado de **casos confirmados dados de alta epidemiol�gica**;7287;
Total acumulado de **casos confirmados fallecidos**;1266;
Total acumulado de casos confirmados en profesionales sanitarios;2226;
