Total.acumulado.desde.el.inicio..31.01.20.;Total acumulado hasta 2020-05-03;Casos de hoy
Total acumulado de **casos confirmados**;12834;
Total acumulado de **casos confirmados que han necesitado hospitalizaci�n** (incluyendo UCI);5204;626
Total acumulado de **casos confirmados que han necesitado UCI**;700;114
Total acumulado de **casos confirmados dados de alta epidemiol�gica**;7506;
Total acumulado de **casos confirmados fallecidos**;1279;
Total acumulado de casos confirmados en profesionales sanitarios;2288;
