fecha;provincia;numero_enfermos;tasa_enfermedad;incremento_enfermos;porcentaje_incremento;codigo_ine;posicion
2020-03-03;Ávila;4;;1;33.33333333;5019;40.616092,-4.929031
2020-03-04;Ávila;5;;1;25.0;5019;40.616092,-4.929031
2020-03-07;Ávila;7;;0;0.0;5019;40.616092,-4.929031
2020-03-12;Ávila;30;20.16766048;9;42.85714286;5019;40.616092,-4.929031
2020-03-13;Ávila;52;34.95727817;22;73.33333333;5019;40.616092,-4.929031
2020-03-18;Ávila;354;237.9783937;154;77.0;5019;40.616092,-4.929031
2020-03-21;Ávila;811;545.1990884;68;9.152086137;5019;40.616092,-4.929031
2020-03-22;Ávila;901;605.7020699;90;11.0974106;5019;40.616092,-4.929031
2020-03-24;Ávila;1373;923.0065948;205;17.55136986;5019;40.616092,-4.929031
2020-03-25;Ávila;1581;1062.835708;208;15.14930808;5019;40.616092,-4.929031
2020-04-02;Ávila;2728;1833.912593;158;6.147859922;5019;40.616092,-4.929031
2020-04-07;Ávila;3191;2145.16682;106;3.435980551;5019;40.616092,-4.929031
2020-04-11;Ávila;3562;2394.573555;41;1.16444192;5019;40.616092,-4.929031
2020-04-12;Ávila;3589;2412.724449;27;0.758001123;5019;40.616092,-4.929031
2020-04-13;Ávila;3692;2481.96675;103;2.869880189;5019;40.616092,-4.929031
2020-04-19;Ávila;4084;2745.490847;18;0.442695524;5019;40.616092,-4.929031
2020-04-21;Ávila;4248;2855.740725;53;1.26340882;5019;40.616092,-4.929031
2020-04-28;Ávila;4500;3025.149073;29;0.648624469;5019;40.616092,-4.929031
2020-05-03;Ávila;4624;3108.508736;9;0.195016251;5019;40.616092,-4.929031
2020-05-04;Ávila;4678;3144.810525;54;1.167820069;5019;40.616092,-4.929031
2020-05-08;Ávila;4889;3286.656404;79;1.642411642;5019;40.616092,-4.929031
2020-05-09;Ávila;4904;3296.740234;15;0.306811209;5019;40.616092,-4.929031
2020-05-10;Ávila;4917;3305.479553;13;0.265089723;5019;40.616092,-4.929031
2020-05-11;Ávila;4983;3349.848406;66;1.342281879;5019;40.616092,-4.929031
2020-05-18;Ávila;5269;3542.113436;123;2.390205985;5019;40.616092,-4.929031
2020-05-20;Ávila;5313;3571.692672;24;0.45377198;5019;40.616092,-4.929031
2020-05-21;Ávila;5351;3597.238375;38;0.715226802;5019;40.616092,-4.929031
2020-05-24;Ávila;5396;3627.489866;7;0.129894229;5019;40.616092,-4.929031
2020-05-25;Ávila;5429;3649.674292;33;0.611564122;5019;40.616092,-4.929031
2020-05-26;Ávila;5457;3668.497442;28;0.515748757;5019;40.616092,-4.929031
2020-05-28;Ávila;5528;3716.227572;43;0.783956244;5019;40.616092,-4.929031
2020-06-01;Ávila;5573;3746.479063;18;0.324032403;5019;40.616092,-4.929031
2020-06-04;Ávila;5657;3802.948512;22;0.390417036;5019;40.616092,-4.929031
2020-03-01;Burgos;13;;2;18.18181818;9059;42.383333,-3.666667
2020-03-02;Burgos;19;;6;46.15384615;9059;42.383333,-3.666667
2020-03-03;Burgos;24;;5;26.31578947;9059;42.383333,-3.666667
2020-03-07;Burgos;50;;10;25.0;9059;42.383333,-3.666667
2020-03-15;Burgos;391;111.9452127;63;19.20731707;9059;42.383333,-3.666667
2020-03-17;Burgos;777;222.4589009;203;35.36585366;9059;42.383333,-3.666667
2020-03-19;Burgos;1444;413.4242638;340;30.79710145;9059;42.383333,-3.666667
2020-03-20;Burgos;1811;518.4981591;367;25.41551247;9059;42.383333,-3.666667
2020-03-22;Burgos;2129;609.5431147;165;8.401221996;9059;42.383333,-3.666667
2020-03-23;Burgos;2609;746.9694627;480;22.54579615;9059;42.383333,-3.666667
2020-03-24;Burgos;3004;860.059895;395;15.13990034;9059;42.383333,-3.666667
2020-03-26;Burgos;3659;1047.589599;304;9.061102832;9059;42.383333,-3.666667
2020-04-02;Burgos;5192;1486.494998;186;3.71554135;9059;42.383333,-3.666667
2020-04-04;Burgos;5471;1566.374063;70;1.296056286;9059;42.383333,-3.666667
2020-04-05;Burgos;5536;1584.983881;65;1.188082617;9059;42.383333,-3.666667
2020-04-08;Burgos;6036;1728.136327;159;2.70546197;9059;42.383333,-3.666667
2020-04-09;Burgos;6174;1767.646402;138;2.286282306;9059;42.383333,-3.666667
2020-04-11;Burgos;6444;1844.948723;88;1.384518565;9059;42.383333,-3.666667
2020-04-13;Burgos;6685;1913.948202;192;2.957030648;9059;42.383333,-3.666667
2020-04-15;Burgos;7183;2056.528038;229;3.293068737;9059;42.383333,-3.666667
2020-04-20;Burgos;7778;2226.879448;133;1.73969915;9059;42.383333,-3.666667
2020-04-22;Burgos;8010;2293.302183;122;1.546653144;9059;42.383333,-3.666667
2020-04-26;Burgos;8193;2345.695979;23;0.281517748;9059;42.383333,-3.666667
2020-05-02;Burgos;8604;2463.367289;24;0.27972028;9059;42.383333,-3.666667
2020-05-03;Burgos;8619;2467.661862;15;0.174337517;9059;42.383333,-3.666667
2020-05-05;Burgos;8773;2511.752816;71;0.81590439;9059;42.383333,-3.666667
2020-05-06;Burgos;8857;2535.802427;84;0.957483187;9059;42.383333,-3.666667
2020-05-07;Burgos;8937;2558.706818;80;0.903240375;9059;42.383333,-3.666667
2020-05-10;Burgos;9044;2589.341441;11;0.121775711;9059;42.383333,-3.666667
2020-05-14;Burgos;9489;2716.747118;129;1.378205128;9059;42.383333,-3.666667
2020-05-15;Burgos;9608;2750.8174;119;1.254083676;9059;42.383333,-3.666667
2020-05-21;Burgos;10020;2868.775016;76;0.764279968;9059;42.383333,-3.666667
2020-06-05;Burgos;10669;3054.586891;39;0.366886171;9059;42.383333,-3.666667
2020-03-03;León;3;;0;0.0;24089;42.666667,-6.0
2020-03-05;León;5;;0;0.0;24089;42.666667,-6.0
2020-03-07;León;6;;0;0.0;24089;42.666667,-6.0
2020-03-14;León;75;17.28238027;24;47.05882353;24089;42.666667,-6.0
2020-03-19;León;1429;329.286952;383;36.61567878;24089;42.666667,-6.0
2020-03-22;León;2023;466.1634038;127;6.698312236;24089;42.666667,-6.0
2020-03-26;León;3857;888.7752092;378;10.86519115;24089;42.666667,-6.0
2020-03-27;León;4229;974.4958154;372;9.644801659;24089;42.666667,-6.0
2020-03-28;León;4333;998.460716;104;2.459210215;24089;42.666667,-6.0
2020-03-29;León;4438;1022.656048;105;2.423263328;24089;42.666667,-6.0
2020-03-31;León;5169;1191.101648;314;6.467559217;24089;42.666667,-6.0
2020-04-01;León;5395;1243.179221;226;4.372218998;24089;42.666667,-6.0
2020-04-04;León;5903;1360.238543;70;1.200068575;24089;42.666667,-6.0
2020-04-08;León;6619;1525.227667;213;3.325007805;24089;42.666667,-6.0
2020-04-09;León;6809;1569.009697;190;2.870524248;24089;42.666667,-6.0
2020-04-11;León;7130;1642.978284;55;0.777385159;24089;42.666667,-6.0
2020-04-12;León;7198;1658.647642;68;0.95371669;24089;42.666667,-6.0
2020-04-20;León;8363;1927.100616;193;2.362301102;24089;42.666667,-6.0
2020-04-21;León;8534;1966.504443;171;2.044720794;24089;42.666667,-6.0
2020-04-23;León;8695;2003.603952;42;0.485380793;24089;42.666667,-6.0
2020-04-25;León;8973;2067.663975;39;0.436534587;24089;42.666667,-6.0
2020-04-29;León;9297;2142.323858;108;1.175318315;24089;42.666667,-6.0
2020-05-01;León;9408;2167.901781;21;0.223713647;24089;42.666667,-6.0
2020-05-02;León;9438;2174.814733;30;0.318877551;24089;42.666667,-6.0
2020-05-04;León;9574;2206.153449;112;1.183682097;24089;42.666667,-6.0
2020-05-07;León;9837;2266.756996;83;0.850932951;24089;42.666667,-6.0
2020-05-10;León;9963;2295.791395;14;0.14071766;24089;42.666667,-6.0
2020-05-12;León;10149;2338.651698;90;0.894721145;24089;42.666667,-6.0
2020-05-15;León;10425;2402.250857;73;0.705177743;24089;42.666667,-6.0
2020-05-16;León;10441;2405.937765;16;0.153477218;24089;42.666667,-6.0
2020-05-17;León;10456;2409.394241;15;0.1436644;24089;42.666667,-6.0
2020-05-21;León;10782;2484.514987;91;0.851183238;24089;42.666667,-6.0
2020-05-22;León;10883;2507.788593;101;0.936746429;24089;42.666667,-6.0
2020-05-24;León;10901;2511.936364;7;0.064255554;24089;42.666667,-6.0
2020-05-25;León;10970;2527.836154;69;0.632969452;24089;42.666667,-6.0
2020-05-27;León;11098;2557.331416;66;0.598259608;24089;42.666667,-6.0
2020-06-01;León;11334;2611.713306;70;0.621448864;24089;42.666667,-6.0
2020-06-03;León;11484;2646.278067;74;0.6485539;24089;42.666667,-6.0
2020-06-08;León;11719;2700.429525;66;0.566377757;24089;42.666667,-6.0
2020-03-04;Palencia;7;;1;16.66666667;34120;42.432128,-4.520647
2020-03-06;Palencia;7;;0;0.0;34120;42.432128,-4.520647
2020-03-09;Palencia;16;;7;77.77777778;34120;42.432128,-4.520647
2020-03-10;Palencia;18;11.73571177;2;12.5;34120;42.432128,-4.520647
2020-03-11;Palencia;22;14.34364772;4;22.22222222;34120;42.432128,-4.520647
2020-03-12;Palencia;34;22.16745557;12;54.54545455;34120;42.432128,-4.520647
2020-03-19;Palencia;367;239.2781233;106;40.61302682;34120;42.432128,-4.520647
2020-03-20;Palencia;476;310.3443779;109;29.70027248;34120;42.432128,-4.520647
2020-03-22;Palencia;604;393.7983283;56;10.2189781;34120;42.432128,-4.520647
2020-03-24;Palencia;908;592.0014604;139;18.07542263;34120;42.432128,-4.520647
2020-03-26;Palencia;1179;768.689121;143;13.8030888;34120;42.432128,-4.520647
2020-03-28;Palencia;1378;898.4339345;64;4.870624049;34120;42.432128,-4.520647
2020-03-29;Palencia;1434;934.9450377;56;4.063860668;34120;42.432128,-4.520647
2020-04-03;Palencia;1909;1244.637432;85;4.660087719;34120;42.432128,-4.520647
2020-04-05;Palencia;1994;1300.056071;50;2.572016461;34120;42.432128,-4.520647
2020-04-06;Palencia;2081;1356.778678;87;4.363089268;34120;42.432128,-4.520647
2020-04-07;Palencia;2147;1399.809621;66;3.171552138;34120;42.432128,-4.520647
2020-04-10;Palencia;2415;1574.541329;91;3.915662651;34120;42.432128,-4.520647
2020-04-11;Palencia;2463;1605.836561;48;1.98757764;34120;42.432128,-4.520647
2020-04-13;Palencia;2536;1653.431392;55;2.216848045;34120;42.432128,-4.520647
2020-04-16;Palencia;2745;1789.696045;64;2.387168967;34120;42.432128,-4.520647
2020-04-24;Palencia;3080;2008.110681;52;1.717305152;34120;42.432128,-4.520647
2020-04-27;Palencia;3156;2057.661464;38;1.218729955;34120;42.432128,-4.520647
2020-04-28;Palencia;3199;2085.696775;43;1.362484157;34120;42.432128,-4.520647
2020-05-05;Palencia;3385;2206.965797;30;0.894187779;34120;42.432128,-4.520647
2020-05-10;Palencia;3529;2300.851491;11;0.312677658;34120;42.432128,-4.520647
2020-05-11;Palencia;3575;2330.842755;46;1.303485407;34120;42.432128,-4.520647
2020-05-14;Palencia;3683;2401.257025;30;0.821242814;34120;42.432128,-4.520647
2020-05-15;Palencia;3710;2418.860593;27;0.733098018;34120;42.432128,-4.520647
2020-05-18;Palencia;3760;2451.459792;38;1.020956475;34120;42.432128,-4.520647
2020-05-19;Palencia;3793;2472.975264;33;0.877659574;34120;42.432128,-4.520647
2020-05-22;Palencia;3894;2538.825646;38;0.985477178;34120;42.432128,-4.520647
2020-05-27;Palencia;3986;2598.808173;35;0.885851683;34120;42.432128,-4.520647
2020-06-06;Palencia;4164;2714.861323;7;0.168390666;34120;42.432128,-4.520647
2020-06-10;Palencia;4248;2769.627978;45;1.070663812;34120;42.432128,-4.520647
2020-06-11;Palencia;4270;2783.971626;22;0.517890772;34120;42.432128,-4.520647
2020-03-06;Salamanca;30;;5;20.0;37274;40.833333,-6.0
2020-03-07;Salamanca;30;;0;0.0;37274;40.833333,-6.0
2020-03-11;Salamanca;62;19.25854598;17;37.77777778;37274;40.833333,-6.0
2020-03-12;Salamanca;83;25.78160188;21;33.87096774;37274;40.833333,-6.0
2020-03-21;Salamanca;2088;648.5781291;166;8.636836629;37274;40.833333,-6.0
2020-03-26;Salamanca;4290;1332.567133;457;11.92277589;37274;40.833333,-6.0
2020-03-30;Salamanca;5462;1696.615776;433;8.610061642;37274;40.833333,-6.0
2020-04-06;Salamanca;7000;2174.351965;313;4.680723792;37274;40.833333,-6.0
2020-04-08;Salamanca;7378;2291.766972;171;2.372693215;37274;40.833333,-6.0
2020-04-09;Salamanca;7482;2324.071629;104;1.409596097;37274;40.833333,-6.0
2020-04-13;Salamanca;7959;2472.238185;213;2.749806352;37274;40.833333,-6.0
2020-04-16;Salamanca;8409;2612.017954;138;1.668480232;37274;40.833333,-6.0
2020-04-23;Salamanca;9169;2848.090453;45;0.493204735;37274;40.833333,-6.0
2020-04-24;Salamanca;9260;2876.357029;91;0.992474643;37274;40.833333,-6.0
2020-04-26;Salamanca;9331;2898.41117;29;0.311760912;37274;40.833333,-6.0
2020-04-28;Salamanca;9554;2967.679811;89;0.940306392;37274;40.833333,-6.0
2020-04-29;Salamanca;9663;3001.537577;109;1.1408834;37274;40.833333,-6.0
2020-05-02;Salamanca;9840;3056.51762;47;0.479934647;37274;40.833333,-6.0
2020-05-07;Salamanca;10455;3247.549971;126;1.219866396;37274;40.833333,-6.0
2020-05-10;Salamanca;10623;3299.734418;9;0.084793669;37274;40.833333,-6.0
2020-05-12;Salamanca;10961;3404.724556;195;1.811257663;37274;40.833333,-6.0
2020-05-13;Salamanca;11063;3436.407971;102;0.930572028;37274;40.833333,-6.0
2020-05-19;Salamanca;11378;3534.253809;58;0.512367491;37274;40.833333,-6.0
2020-05-21;Salamanca;11495;3570.596549;61;0.533496589;37274;40.833333,-6.0
2020-05-29;Salamanca;11821;3671.859226;61;0.518707483;37274;40.833333,-6.0
2020-05-31;Salamanca;11831;3674.965443;2;0.0169076;37274;40.833333,-6.0
2020-06-04;Salamanca;12050;3742.991598;57;0.475277245;37274;40.833333,-6.0
2020-06-05;Salamanca;12100;3758.522683;50;0.414937759;37274;40.833333,-6.0
2020-06-06;Salamanca;12104;3759.76517;4;0.033057851;37274;40.833333,-6.0
2020-06-09;Salamanca;12188;3785.857394;43;0.354055167;37274;40.833333,-6.0
2020-03-03;Segovia;15;;3;25.0;40004;41.166667,-4.0
2020-03-04;Segovia;18;;3;20.0;40004;41.166667,-4.0
2020-03-06;Segovia;21;;1;5.0;40004;41.166667,-4.0
2020-03-07;Segovia;25;;4;19.04761905;40004;41.166667,-4.0
2020-03-09;Segovia;29;;4;16.0;40004;41.166667,-4.0
2020-03-10;Segovia;37;25.32685331;8;27.5862069;40004;41.166667,-4.0
2020-03-11;Segovia;47;32.1719488;10;27.02702703;40004;41.166667,-4.0
2020-03-12;Segovia;62;42.43959203;15;31.91489362;40004;41.166667,-4.0
2020-03-13;Segovia;90;61.6058594;28;45.16129032;40004;41.166667,-4.0
2020-03-17;Segovia;447;305.9757684;151;51.01351351;40004;41.166667,-4.0
2020-03-20;Segovia;1160;794.0310767;245;26.77595628;40004;41.166667,-4.0
2020-03-22;Segovia;1463;1001.43747;157;12.02143951;40004;41.166667,-4.0
2020-03-25;Segovia;2396;1640.084879;271;12.75294118;40004;41.166667,-4.0
2020-03-28;Segovia;3071;2102.128825;117;3.960731212;40004;41.166667,-4.0
2020-03-29;Segovia;3160;2163.050175;89;2.898078802;40004;41.166667,-4.0
2020-03-30;Segovia;3438;2353.343829;278;8.797468354;40004;41.166667,-4.0
2020-04-05;Segovia;4269;2922.171264;71;1.691281563;40004;41.166667,-4.0
2020-04-06;Segovia;4422;3026.901225;153;3.583977512;40004;41.166667,-4.0
2020-04-07;Segovia;4536;3104.935314;114;2.578018996;40004;41.166667,-4.0
2020-04-09;Segovia;4728;3236.361147;83;1.7868676;40004;41.166667,-4.0
2020-04-11;Segovia;4837;3310.972688;37;0.770833333;40004;41.166667,-4.0
2020-04-14;Segovia;5087;3482.100075;78;1.557197045;40004;41.166667,-4.0
2020-04-19;Segovia;5439;3723.047437;48;0.890372844;40004;41.166667,-4.0
2020-04-21;Segovia;5605;3836.676022;83;1.503078595;40004;41.166667,-4.0
2020-04-24;Segovia;5791;3963.994798;76;1.329833771;40004;41.166667,-4.0
2020-04-25;Segovia;5818;3982.476556;27;0.466240718;40004;41.166667,-4.0
2020-04-30;Segovia;6207;4248.75077;67;1.091205212;40004;41.166667,-4.0
2020-05-01;Segovia;6226;4261.756452;19;0.306106009;40004;41.166667,-4.0
2020-05-02;Segovia;6249;4277.500171;23;0.369418567;40004;41.166667,-4.0
2020-05-05;Segovia;6417;4392.497775;88;1.390425028;40004;41.166667,-4.0
2020-05-10;Segovia;6694;4582.10692;45;0.676793503;40004;41.166667,-4.0
2020-05-12;Segovia;6857;4693.681977;73;1.076061321;40004;41.166667,-4.0
2020-05-13;Segovia;6932;4745.020193;75;1.093772787;40004;41.166667,-4.0
2020-05-17;Segovia;7177;4912.725033;42;0.588647512;40004;41.166667,-4.0
2020-05-18;Segovia;7251;4963.378739;74;1.031071478;40004;41.166667,-4.0
2020-05-19;Segovia;7337;5022.24656;86;1.186043304;40004;41.166667,-4.0
2020-05-22;Segovia;7607;5207.064139;79;1.049415515;40004;41.166667,-4.0
2020-05-23;Segovia;7661;5244.027654;54;0.709872486;40004;41.166667,-4.0
2020-05-28;Segovia;8005;5479.498939;46;0.577962056;40004;41.166667,-4.0
2020-05-30;Segovia;8054;5513.039907;7;0.08698894;40004;41.166667,-4.0
2020-05-31;Segovia;8061;5517.831474;7;0.086913335;40004;41.166667,-4.0
2020-06-02;Segovia;8143;5573.961257;44;0.543276948;40004;41.166667,-4.0
2020-06-05;Segovia;8220;5626.668492;25;0.305064063;40004;41.166667,-4.0
2020-03-11;Soria;24;27.43546949;7;41.17647059;42173;41.666667,-2.666667
2020-03-12;Soria;36;41.15320423;12;50.0;42173;41.666667,-2.666667
2020-03-13;Soria;46;52.58464985;10;27.77777778;42173;41.666667,-2.666667
2020-03-17;Soria;215;245.7760808;69;47.26027397;42173;41.666667,-2.666667
2020-03-19;Soria;442;505.2698964;114;34.75609756;42173;41.666667,-2.666667
2020-03-23;Soria;819;936.2353963;149;22.23880597;42173;41.666667,-2.666667
2020-03-24;Soria;934;1067.697021;115;14.04151404;42173;41.666667,-2.666667
2020-03-27;Soria;1342;1534.100002;139;11.55444722;42173;41.666667,-2.666667
2020-03-28;Soria;1409;1610.690688;67;4.992548435;42173;41.666667,-2.666667
2020-04-04;Soria;1964;2245.13592;28;1.446280992;42173;41.666667,-2.666667
2020-04-09;Soria;2259;2582.363566;73;3.339432754;42173;41.666667,-2.666667
2020-04-10;Soria;2330;2663.52683;71;3.142983621;42173;41.666667,-2.666667
2020-04-14;Soria;2511;2870.435995;56;2.281059063;42173;41.666667,-2.666667
2020-04-18;Soria;2716;3104.780631;39;1.456854688;42173;41.666667,-2.666667
2020-04-20;Soria;2931;3350.556711;172;6.234142805;42173;41.666667,-2.666667
2020-04-21;Soria;2965;3389.423627;34;1.160013647;42173;41.666667,-2.666667
2020-04-25;Soria;3153;3604.334804;48;1.54589372;42173;41.666667,-2.666667
2020-04-26;Soria;3160;3612.336816;7;0.222010783;42173;41.666667,-2.666667
2020-04-30;Soria;3278;3747.227874;24;0.73755378;42173;41.666667,-2.666667
2020-05-04;Soria;3393;3878.689499;57;1.708633094;42173;41.666667,-2.666667
2020-05-06;Soria;3530;4035.300304;83;2.40789092;42173;41.666667,-2.666667
2020-05-07;Soria;3587;4100.459544;57;1.614730878;42173;41.666667,-2.666667
2020-05-08;Soria;3641;4162.18935;54;1.505436298;42173;41.666667,-2.666667
2020-05-15;Soria;3909;4468.552093;38;0.981658486;42173;41.666667,-2.666667
2020-05-16;Soria;3920;4481.126683;11;0.281401893;42173;41.666667,-2.666667
2020-05-20;Soria;4017;4592.011706;24;0.601051841;42173;41.666667,-2.666667
2020-05-25;Soria;4094;4680.033837;30;0.738188976;42173;41.666667,-2.666667
2020-05-31;Soria;4232;4837.787787;2;0.047281324;42173;41.666667,-2.666667
2020-06-02;Soria;4267;4877.797846;22;0.518256773;42173;41.666667,-2.666667
2020-06-03;Soria;4281;4893.80187;14;0.328099367;42173;41.666667,-2.666667
2020-06-07;Soria;4346;4968.106267;9;0.207516717;42173;41.666667,-2.666667
2020-03-04;Valladolid;24;;5;26.31578947;47186;41.583333,-4.666667
2020-03-06;Valladolid;32;;6;23.07692308;47186;41.583333,-4.666667
2020-03-08;Valladolid;39;;3;8.333333333;47186;41.583333,-4.666667
2020-03-09;Valladolid;53;;14;35.8974359;47186;41.583333,-4.666667
2020-03-13;Valladolid;169;32.43992376;59;53.63636364;47186;41.583333,-4.666667
2020-03-14;Valladolid;195;37.43068126;26;15.38461538;47186;41.583333,-4.666667
2020-03-16;Valladolid;446;85.61068636;199;80.56680162;47186;41.583333,-4.666667
2020-03-17;Valladolid;635;121.8896544;189;42.37668161;47186;41.583333,-4.666667
2020-03-19;Valladolid;1328;254.912537;373;39.05759162;47186;41.583333,-4.666667
2020-03-21;Valladolid;1832;351.6564516;125;7.322788518;47186;41.583333,-4.666667
2020-03-31;Valladolid;5484;1052.665928;284;5.461538462;47186;41.583333,-4.666667
2020-04-03;Valladolid;6301;1209.490885;285;4.737367021;47186;41.583333,-4.666667
2020-04-04;Valladolid;6402;1228.878059;101;1.602920171;47186;41.583333,-4.666667
2020-04-06;Valladolid;6883;1321.207072;402;6.20274649;47186;41.583333,-4.666667
2020-04-07;Valladolid;7342;1409.313137;459;6.668603806;47186;41.583333,-4.666667
2020-04-12;Valladolid;8180;1570.169091;87;1.075003089;47186;41.583333,-4.666667
2020-04-16;Valladolid;9462;1816.251826;189;2.038175348;47186;41.583333,-4.666667
2020-04-19;Valladolid;9676;1857.329599;24;0.248653129;47186;41.583333,-4.666667
2020-04-20;Valladolid;9858;1892.264902;182;1.880942538;47186;41.583333,-4.666667
2020-04-21;Valladolid;10023;1923.937017;165;1.673767498;47186;41.583333,-4.666667
2020-04-25;Valladolid;10352;1987.089294;16;0.154798762;47186;41.583333,-4.666667
2020-04-27;Valladolid;10539;2022.984358;154;1.48290804;47186;41.583333,-4.666667
2020-05-13;Valladolid;11999;2303.234587;49;0.410041841;47186;41.583333,-4.666667
2020-05-15;Valladolid;12202;2342.200886;100;0.826309701;47186;41.583333,-4.666667
2020-05-20;Valladolid;12527;2404.585354;99;0.796588349;47186;41.583333,-4.666667
2020-05-22;Valladolid;12673;2432.610377;73;0.579365079;47186;41.583333,-4.666667
2020-05-23;Valladolid;12689;2435.681613;16;0.126252663;47186;41.583333,-4.666667
2020-05-27;Valladolid;12979;2491.347754;78;0.604604294;47186;41.583333,-4.666667
2020-05-28;Valladolid;13046;2504.208552;67;0.516218507;47186;41.583333,-4.666667
2020-06-02;Valladolid;13330;2558.72298;78;0.588590401;47186;41.583333,-4.666667
2020-06-03;Valladolid;13401;2572.351587;71;0.532633158;47186;41.583333,-4.666667
2020-06-04;Valladolid;13468;2585.212386;67;0.499962689;47186;41.583333,-4.666667
2020-06-07;Valladolid;13544;2599.800754;5;0.036930349;47186;41.583333,-4.666667
2020-06-08;Valladolid;13609;2612.277647;65;0.479917307;47186;41.583333,-4.666667
2020-06-09;Valladolid;13668;2623.602828;59;0.43353663;47186;41.583333,-4.666667
2020-03-04;Zamora;8;;1;14.28571429;49275;41.75,-6.0
2020-03-07;Zamora;14;;3;27.27272727;49275;41.75,-6.0
2020-03-08;Zamora;15;;1;7.142857143;49275;41.75,-6.0
2020-03-11;Zamora;27;17.04556216;7;35.0;49275;41.75,-6.0
2020-03-14;Zamora;54;34.09112431;6;12.5;49275;41.75,-6.0
2020-03-23;Zamora;618;390.1539782;137;28.48232848;49275;41.75,-6.0
2020-03-26;Zamora;853;538.5135007;74;9.499358151;49275;41.75,-6.0
2020-03-28;Zamora;965;609.2210178;11;1.153039832;49275;41.75,-6.0
2020-03-29;Zamora;985;621.8473601;20;2.07253886;49275;41.75,-6.0
2020-03-30;Zamora;1066;672.9840466;81;8.223350254;49275;41.75,-6.0
2020-04-01;Zamora;1198;756.317906;67;5.923961096;49275;41.75,-6.0
2020-04-06;Zamora;1398;882.5813294;70;5.271084337;49275;41.75,-6.0
2020-04-08;Zamora;1498;945.7130411;44;3.026134801;49275;41.75,-6.0
2020-04-13;Zamora;1675;1057.456171;48;2.95021512;49275;41.75,-6.0
2020-04-17;Zamora;1878;1185.613546;58;3.186813187;49275;41.75,-6.0
2020-04-19;Zamora;1894;1195.714619;7;0.370959194;49275;41.75,-6.0
2020-04-22;Zamora;2000;1262.634234;34;1.729399797;49275;41.75,-6.0
2020-04-25;Zamora;2069;1306.195115;8;0.388161087;49275;41.75,-6.0
2020-04-29;Zamora;2228;1406.574536;55;2.531063046;49275;41.75,-6.0
2020-04-30;Zamora;2285;1442.559612;57;2.558348294;49275;41.75,-6.0
2020-05-03;Zamora;2305;1455.185954;4;0.173837462;49275;41.75,-6.0
2020-05-07;Zamora;2661;1679.934848;74;2.860456127;49275;41.75,-6.0
2020-05-12;Zamora;2867;1809.986174;86;3.092412801;49275;41.75,-6.0
2020-05-13;Zamora;2959;1868.067349;92;3.208929194;49275;41.75,-6.0
2020-05-14;Zamora;3001;1894.582668;42;1.419398445;49275;41.75,-6.0
2020-05-17;Zamora;3068;1936.880915;1;0.032605152;49275;41.75,-6.0
2020-05-18;Zamora;3114;1965.921502;46;1.49934811;49275;41.75,-6.0
2020-05-21;Zamora;3234;2041.679556;39;1.220657277;49275;41.75,-6.0
2020-06-02;Zamora;3409;2152.160052;18;0.530816868;49275;41.75,-6.0
2020-06-05;Zamora;3455;2181.200639;12;0.348533256;49275;41.75,-6.0
2020-06-08;Zamora;3471;2191.301713;13;0.37593985;49275;41.75,-6.0
2020-06-09;Zamora;3479;2196.35225;8;0.230481129;49275;41.75,-6.0
2020-06-10;Zamora;3487;2201.402787;8;0.229951135;49275;41.75,-6.0
2020-03-02;Ávila;3;;0;0.0;5019;40.616092,-4.929031
2020-03-06;Ávila;7;;1;16.66666667;5019;40.616092,-4.929031
2020-03-11;Ávila;21;14.11736234;8;61.53846154;5019;40.616092,-4.929031
2020-03-23;Ávila;1168;785.1942482;267;29.63374029;5019;40.616092,-4.929031
2020-03-26;Ávila;1763;1185.186181;182;11.51170145;5019;40.616092,-4.929031
2020-03-27;Ávila;1953;1312.914698;190;10.77708452;5019;40.616092,-4.929031
2020-03-30;Ávila;2273;1528.036409;158;7.470449173;5019;40.616092,-4.929031
2020-03-31;Ávila;2428;1632.235989;155;6.819181698;5019;40.616092,-4.929031
2020-04-03;Ávila;2857;1920.633533;129;4.728739003;5019;40.616092,-4.929031
2020-04-04;Ávila;2903;1951.55728;46;1.610080504;5019;40.616092,-4.929031
2020-04-05;Ávila;2940;1976.430727;37;1.274543576;5019;40.616092,-4.929031
2020-04-06;Ávila;3085;2073.907753;145;4.931972789;5019;40.616092,-4.929031
2020-04-08;Ávila;3280;2204.997546;89;2.789094328;5019;40.616092,-4.929031
2020-04-14;Ávila;3792;2549.192285;100;2.708559047;5019;40.616092,-4.929031
2020-04-16;Ávila;3973;2670.870503;73;1.871794872;5019;40.616092,-4.929031
2020-04-17;Ávila;4050;2722.634165;77;1.938082054;5019;40.616092,-4.929031
2020-04-18;Ávila;4066;2733.390251;16;0.395061728;5019;40.616092,-4.929031
2020-04-22;Ávila;4309;2896.748301;61;1.435969868;5019;40.616092,-4.929031
2020-04-23;Ávila;4325;2907.504386;16;0.371315851;5019;40.616092,-4.929031
2020-04-29;Ávila;4561;3066.156649;61;1.355555556;5019;40.616092,-4.929031
2020-04-30;Ávila;4590;3085.652054;29;0.635825477;5019;40.616092,-4.929031
2020-05-02;Ávila;4615;3102.458438;17;0.369725968;5019;40.616092,-4.929031
2020-05-06;Ávila;4775;3210.019294;59;1.251060221;5019;40.616092,-4.929031
2020-05-07;Ávila;4810;3233.548231;35;0.732984293;5019;40.616092,-4.929031
2020-05-13;Ávila;5058;3400.267558;26;0.516693164;5019;40.616092,-4.929031
2020-05-15;Ávila;5128;3447.325432;39;0.766358813;5019;40.616092,-4.929031
2020-05-17;Ávila;5146;3459.426028;6;0.116731518;5019;40.616092,-4.929031
2020-05-23;Ávila;5389;3622.784078;7;0.130063174;5019;40.616092,-4.929031
2020-05-27;Ávila;5485;3687.320592;28;0.513102437;5019;40.616092,-4.929031
2020-05-29;Ávila;5543;3726.311402;15;0.271345876;5019;40.616092,-4.929031
2020-05-31;Ávila;5555;3734.378466;3;0.054034582;5019;40.616092,-4.929031
2020-06-02;Ávila;5611;3772.024766;38;0.681858963;5019;40.616092,-4.929031
2020-06-03;Ávila;5635;3788.158894;24;0.427731242;5019;40.616092,-4.929031
2020-06-07;Ávila;5684;3821.099406;4;0.070422535;5019;40.616092,-4.929031
2020-06-08;Ávila;5711;3839.250301;27;0.475017593;5019;40.616092,-4.929031
2020-06-10;Ávila;5741;3859.417961;14;0.244456085;5019;40.616092,-4.929031
2020-06-11;Ávila;5758;3870.846302;17;0.296115659;5019;40.616092,-4.929031
2020-03-04;Burgos;29;;5;20.83333333;9059;42.383333,-3.666667
2020-03-05;Burgos;36;;7;24.13793103;9059;42.383333,-3.666667
2020-03-06;Burgos;40;;4;11.11111111;9059;42.383333,-3.666667
2020-03-08;Burgos;60;;10;20.0;9059;42.383333,-3.666667
2020-03-11;Burgos;151;43.23203866;26;20.8;9059;42.383333,-3.666667
2020-03-16;Burgos;574;164.3390079;183;46.80306905;9059;42.383333,-3.666667
2020-03-18;Burgos;1104;316.0806006;327;42.08494208;9059;42.383333,-3.666667
2020-03-25;Burgos;3355;960.552912;351;11.68442077;9059;42.383333,-3.666667
2020-03-30;Burgos;4552;1303.259867;333;7.892865608;9059;42.383333,-3.666667
2020-04-01;Burgos;5006;1433.242288;216;4.509394572;9059;42.383333,-3.666667
2020-04-03;Burgos;5401;1546.332721;209;4.025423729;9059;42.383333,-3.666667
2020-04-10;Burgos;6356;1819.753892;182;2.947845805;9059;42.383333,-3.666667
2020-04-14;Burgos;6954;1990.964218;269;4.023934181;9059;42.383333,-3.666667
2020-04-16;Burgos;7341;2101.764211;158;2.199638034;9059;42.383333,-3.666667
2020-04-17;Burgos;7557;2163.606067;216;2.942378423;9059;42.383333,-3.666667
2020-04-18;Burgos;7591;2173.340434;34;0.449913987;9059;42.383333,-3.666667
2020-04-23;Burgos;8047;2303.895464;37;0.461922597;9059;42.383333,-3.666667
2020-04-25;Burgos;8170;2339.110966;37;0.454936678;9059;42.383333,-3.666667
2020-04-27;Burgos;8303;2377.189517;110;1.342609545;9059;42.383333,-3.666667
2020-04-28;Burgos;8403;2405.820006;100;1.204383958;9059;42.383333,-3.666667
2020-04-29;Burgos;8490;2430.728531;87;1.03534452;9059;42.383333,-3.666667
2020-05-01;Burgos;8580;2456.495972;20;0.23364486;9059;42.383333,-3.666667
2020-05-04;Burgos;8702;2491.425168;83;0.962988746;9059;42.383333,-3.666667
2020-05-09;Burgos;9033;2586.192088;10;0.110827884;9059;42.383333,-3.666667
2020-05-12;Burgos;9220;2639.731102;75;0.820120284;9059;42.383333,-3.666667
2020-05-13;Burgos;9360;2679.813787;140;1.518438178;9059;42.383333,-3.666667
2020-05-17;Burgos;9633;2757.975023;4;0.041541178;9059;42.383333,-3.666667
2020-05-19;Burgos;9857;2822.107319;85;0.869832174;9059;42.383333,-3.666667
2020-05-20;Burgos;9944;2847.015844;87;0.882621487;9059;42.383333,-3.666667
2020-05-23;Burgos;10108;2893.969846;6;0.059394179;9059;42.383333,-3.666667
2020-05-26;Burgos;10279;2942.927983;78;0.764630919;9059;42.383333,-3.666667
2020-05-27;Burgos;10334;2958.674752;55;0.535071505;9059;42.383333,-3.666667
2020-05-28;Burgos;10386;2973.562606;52;0.503193342;9059;42.383333,-3.666667
2020-05-29;Burgos;10439;2988.736766;53;0.51030233;9059;42.383333,-3.666667
2020-05-30;Burgos;10440;2989.02307;1;0.009579462;9059;42.383333,-3.666667
2020-06-02;Burgos;10538;3017.08095;45;0.428857333;9059;42.383333,-3.666667
2020-06-03;Burgos;10581;3029.39206;43;0.408047068;9059;42.383333,-3.666667
2020-06-07;Burgos;10686;3059.454074;3;0.028081999;9059;42.383333,-3.666667
2020-06-10;Burgos;10800;3092.092831;40;0.371747212;9059;42.383333,-3.666667
2020-02-29;León;2;;;;24089;42.666667,-6.0
2020-03-01;León;3;;1;50.0;24089;42.666667,-6.0
2020-03-02;León;3;;0;0.0;24089;42.666667,-6.0
2020-03-09;León;12;;5;71.42857143;24089;42.666667,-6.0
2020-03-13;León;51;11.75201858;16;45.71428571;24089;42.666667,-6.0
2020-03-16;León;353;81.34240313;242;218.018018;24089;42.666667,-6.0
2020-03-17;León;663;152.7762416;310;87.81869688;24089;42.666667,-6.0
2020-03-18;León;1046;241.0315968;383;57.76772247;24089;42.666667,-6.0
2020-03-20;León;1780;410.1684917;351;24.56263121;24089;42.666667,-6.0
2020-03-21;León;1896;436.8985732;116;6.516853933;24089;42.666667,-6.0
2020-04-02;León;5613;1293.413339;218;4.040778499;24089;42.666667,-6.0
2020-04-03;León;5833;1344.108321;220;3.919472653;24089;42.666667,-6.0
2020-04-05;León;5943;1369.455812;40;0.677621548;24089;42.666667,-6.0
2020-04-07;León;6406;1476.145707;195;3.139591048;24089;42.666667,-6.0
2020-04-15;León;7788;1794.602367;164;2.151101784;24089;42.666667,-6.0
2020-04-16;León;7948;1831.471445;160;2.054442732;24089;42.666667,-6.0
2020-04-24;León;8934;2058.677137;239;2.748706153;24089;42.666667,-6.0
2020-04-26;León;8997;2073.194337;24;0.267469074;24089;42.666667,-6.0
2020-05-05;León;9663;2226.661874;89;0.929601003;24089;42.666667,-6.0
2020-05-06;León;9754;2247.631162;91;0.941736521;24089;42.666667,-6.0
2020-05-08;León;9919;2285.652398;82;0.833587476;24089;42.666667,-6.0
2020-05-13;León;10254;2362.84703;105;1.034584688;24089;42.666667,-6.0
2020-05-14;León;10352;2385.42934;98;0.955724595;24089;42.666667,-6.0
2020-05-23;León;10894;2510.323342;11;0.101075071;24089;42.666667,-6.0
2020-05-26;León;11032;2542.122922;62;0.565177758;24089;42.666667,-6.0
2020-05-28;León;11178;2575.765955;80;0.720850604;24089;42.666667,-6.0
2020-05-30;León;11259;2594.430926;13;0.115596657;24089;42.666667,-6.0
2020-06-04;León;11550;2661.486561;66;0.574712644;24089;42.666667,-6.0
2020-06-06;León;11645;2683.377576;13;0.11176066;24089;42.666667,-6.0
2020-06-07;León;11653;2685.22103;8;0.068699012;24089;42.666667,-6.0
2020-03-02;Palencia;6;;0;0.0;34120;42.432128,-4.520647
2020-03-05;Palencia;7;;0;0.0;34120;42.432128,-4.520647
2020-03-07;Palencia;7;;0;0.0;34120;42.432128,-4.520647
2020-03-14;Palencia;54;35.20713531;11;25.58139535;34120;42.432128,-4.520647
2020-03-16;Palencia;114;74.32617455;43;60.56338028;34120;42.432128,-4.520647
2020-03-18;Palencia;261;170.1678207;89;51.74418605;34120;42.432128,-4.520647
2020-03-25;Palencia;1036;675.4554108;128;14.0969163;34120;42.432128,-4.520647
2020-03-30;Palencia;1567;1021.658908;133;9.274755927;34120;42.432128,-4.520647
2020-03-31;Palencia;1660;1082.293419;93;5.934907466;34120;42.432128,-4.520647
2020-04-01;Palencia;1742;1135.756106;82;4.939759036;34120;42.432128,-4.520647
2020-04-18;Palencia;2824;1841.20278;21;0.749197289;34120;42.432128,-4.520647
2020-04-19;Palencia;2840;1851.634524;16;0.566572238;34120;42.432128,-4.520647
2020-04-25;Palencia;3099;2020.498377;19;0.616883117;34120;42.432128,-4.520647
2020-04-26;Palencia;3118;2032.886072;19;0.613101;34120;42.432128,-4.520647
2020-05-02;Palencia;3300;2151.547158;14;0.426049909;34120;42.432128,-4.520647
2020-05-04;Palencia;3355;2187.406277;44;1.328903654;34120;42.432128,-4.520647
2020-05-06;Palencia;3427;2234.349124;42;1.240768095;34120;42.432128,-4.520647
2020-05-13;Palencia;3653;2381.697506;41;1.135105205;34120;42.432128,-4.520647
2020-05-16;Palencia;3716;2422.772497;6;0.161725067;34120;42.432128,-4.520647
2020-05-17;Palencia;3722;2426.684401;6;0.16146394;34120;42.432128,-4.520647
2020-05-21;Palencia;3856;2514.050255;34;0.889586604;34120;42.432128,-4.520647
2020-05-24;Palencia;3902;2544.041518;1;0.025634453;34120;42.432128,-4.520647
2020-05-26;Palencia;3951;2575.988734;29;0.739418664;34120;42.432128,-4.520647
2020-05-28;Palencia;4006;2611.847853;20;0.501756147;34120;42.432128,-4.520647
2020-05-30;Palencia;4039;2633.363325;5;0.123946455;34120;42.432128,-4.520647
2020-05-31;Palencia;4049;2639.883164;10;0.247586036;34120;42.432128,-4.520647
2020-06-04;Palencia;4137;2697.257755;24;0.583515682;34120;42.432128,-4.520647
2020-06-09;Palencia;4203;2740.288699;11;0.26240458;34120;42.432128,-4.520647
2020-02-29;Salamanca;13;;;;37274;40.833333,-6.0
2020-03-01;Salamanca;14;;1;7.692307692;37274;40.833333,-6.0
2020-03-02;Salamanca;17;;3;21.42857143;37274;40.833333,-6.0
2020-03-03;Salamanca;21;;4;23.52941176;37274;40.833333,-6.0
2020-03-04;Salamanca;22;;1;4.761904762;37274;40.833333,-6.0
2020-03-05;Salamanca;25;;3;13.63636364;37274;40.833333,-6.0
2020-03-08;Salamanca;31;;1;3.333333333;37274;40.833333,-6.0
2020-03-09;Salamanca;38;;7;22.58064516;37274;40.833333,-6.0
2020-03-10;Salamanca;45;13.97797692;7;18.42105263;37274;40.833333,-6.0
2020-03-13;Salamanca;132;41.00206563;49;59.03614458;37274;40.833333,-6.0
2020-03-19;Salamanca;1537;477.4255673;319;26.19047619;37274;40.833333,-6.0
2020-03-22;Salamanca;2254;700.1413329;166;7.950191571;37274;40.833333,-6.0
2020-03-23;Salamanca;2848;884.6506282;594;26.35314996;37274;40.833333,-6.0
2020-03-24;Salamanca;3325;1032.817184;477;16.74859551;37274;40.833333,-6.0
2020-03-27;Salamanca;4754;1476.695606;464;10.81585082;37274;40.833333,-6.0
2020-03-28;Salamanca;4890;1518.940159;136;2.860748843;37274;40.833333,-6.0
2020-03-29;Salamanca;5029;1562.116576;139;2.842535787;37274;40.833333,-6.0
2020-03-31;Salamanca;5758;1788.559802;296;5.419260344;37274;40.833333,-6.0
2020-04-02;Salamanca;6263;1945.423766;216;3.572019183;37274;40.833333,-6.0
2020-04-03;Salamanca;6514;2023.389815;251;4.007664059;37274;40.833333,-6.0
2020-04-04;Salamanca;6596;2048.860795;82;1.258827142;37274;40.833333,-6.0
2020-04-10;Salamanca;7608;2363.209965;126;1.6840417;37274;40.833333,-6.0
2020-04-19;Salamanca;8670;2693.09022;34;0.393700787;37274;40.833333,-6.0
2020-04-20;Salamanca;8845;2747.449019;175;2.018454441;37274;40.833333,-6.0
2020-04-21;Salamanca;8994;2793.731654;149;1.684567552;37274;40.833333,-6.0
2020-04-22;Salamanca;9124;2834.112476;130;1.44540805;37274;40.833333,-6.0
2020-04-25;Salamanca;9302;2889.40314;42;0.453563715;37274;40.833333,-6.0
2020-05-03;Salamanca;9856;3061.487567;16;0.162601626;37274;40.833333,-6.0
2020-05-04;Salamanca;10001;3106.527715;145;1.471185065;37274;40.833333,-6.0
2020-05-06;Salamanca;10329;3208.411636;224;2.216724394;37274;40.833333,-6.0
2020-05-11;Salamanca;10766;3344.153323;143;1.346135743;37274;40.833333,-6.0
2020-05-14;Salamanca;11136;3459.083355;73;0.659857182;37274;40.833333,-6.0
2020-05-15;Salamanca;11228;3487.660553;92;0.826149425;37274;40.833333,-6.0
2020-05-16;Salamanca;11239;3491.077391;11;0.097969362;37274;40.833333,-6.0
2020-05-18;Salamanca;11320;3516.23775;77;0.684870586;37274;40.833333,-6.0
2020-05-20;Salamanca;11434;3551.648625;56;0.492177887;37274;40.833333,-6.0
2020-05-23;Salamanca;11567;3592.961312;7;0.060553633;37274;40.833333,-6.0
2020-05-24;Salamanca;11573;3594.825042;6;0.051871704;37274;40.833333,-6.0
2020-05-25;Salamanca;11622;3610.045506;49;0.423399291;37274;40.833333,-6.0
2020-05-30;Salamanca;11829;3674.3442;8;0.06767617;37274;40.833333,-6.0
2020-06-01;Salamanca;11897;3695.466476;66;0.557856479;37274;40.833333,-6.0
2020-06-03;Salamanca;11993;3725.28616;54;0.452299188;37274;40.833333,-6.0
2020-06-07;Salamanca;12108;3761.007657;4;0.033046927;37274;40.833333,-6.0
2020-06-08;Salamanca;12145;3772.50066;37;0.305583086;37274;40.833333,-6.0
2020-06-10;Salamanca;12214;3793.933558;26;0.213324582;37274;40.833333,-6.0
2020-06-11;Salamanca;12269;3811.017752;55;0.450302931;37274;40.833333,-6.0
2020-02-29;Segovia;9;;;;40004;41.166667,-4.0
2020-03-01;Segovia;9;;0;0.0;40004;41.166667,-4.0
2020-03-14;Segovia;117;80.08761722;27;30.0;40004;41.166667,-4.0
2020-03-15;Segovia;145;99.25388459;28;23.93162393;40004;41.166667,-4.0
2020-03-16;Segovia;296;202.6148265;151;104.137931;40004;41.166667,-4.0
2020-03-18;Segovia;670;458.6213978;223;49.88814318;40004;41.166667,-4.0
2020-03-23;Segovia;1804;1234.855226;341;23.30827068;40004;41.166667,-4.0
2020-03-24;Segovia;2125;1454.582791;321;17.79379157;40004;41.166667,-4.0
2020-03-27;Segovia;2954;2022.041207;270;10.05961252;40004;41.166667,-4.0
2020-04-01;Segovia;3813;2610.03491;198;5.477178423;40004;41.166667,-4.0
2020-04-12;Segovia;4882;3341.775618;45;0.930328716;40004;41.166667,-4.0
2020-04-15;Segovia;5182;3547.128482;95;1.867505406;40004;41.166667,-4.0
2020-04-16;Segovia;5244;3589.568074;62;1.196449247;40004;41.166667,-4.0
2020-04-18;Segovia;5391;3690.190978;85;1.601960045;40004;41.166667,-4.0
2020-04-22;Segovia;5677;3885.960709;72;1.284567351;40004;41.166667,-4.0
2020-04-26;Segovia;5843;3999.589294;25;0.429700928;40004;41.166667,-4.0
2020-04-28;Segovia;6031;4128.277089;90;1.514896482;40004;41.166667,-4.0
2020-05-03;Segovia;6269;4291.190362;20;0.320051208;40004;41.166667,-4.0
2020-05-04;Segovia;6329;4332.260935;60;0.957090445;40004;41.166667,-4.0
2020-05-14;Segovia;7020;4805.257033;88;1.269474899;40004;41.166667,-4.0
2020-05-15;Segovia;7096;4857.279759;76;1.082621083;40004;41.166667,-4.0
2020-05-20;Segovia;7443;5094.804573;106;1.444732179;40004;41.166667,-4.0
2020-05-21;Segovia;7528;5152.987884;85;1.142012629;40004;41.166667,-4.0
2020-05-26;Segovia;7846;5370.661921;75;0.965126753;40004;41.166667,-4.0
2020-06-01;Segovia;8099;5543.842837;38;0.471405533;40004;41.166667,-4.0
2020-06-03;Segovia;8172;5593.812034;29;0.356134103;40004;41.166667,-4.0
2020-06-07;Segovia;8245;5643.781231;13;0.157920311;40004;41.166667,-4.0
2020-06-08;Segovia;8283;5669.792594;38;0.460885385;40004;41.166667,-4.0
2020-06-10;Segovia;8346;5712.916695;27;0.32455824;40004;41.166667,-4.0
2020-03-01;Soria;5;;0;0.0;42173;41.666667,-2.666667
2020-03-02;Soria;5;;0;0.0;42173;41.666667,-2.666667
2020-03-03;Soria;6;;1;20.0;42173;41.666667,-2.666667
2020-03-07;Soria;9;;1;12.5;42173;41.666667,-2.666667
2020-03-10;Soria;17;19.43345756;2;13.33333333;42173;41.666667,-2.666667
2020-03-14;Soria;54;61.72980635;8;17.39130435;42173;41.666667,-2.666667
2020-03-16;Soria;146;166.8991061;70;92.10526316;42173;41.666667,-2.666667
2020-03-18;Soria;328;374.9514164;113;52.55813953;42173;41.666667,-2.666667
2020-03-20;Soria;564;644.733533;122;27.60180995;42173;41.666667,-2.666667
2020-03-29;Soria;1437;1642.698736;28;1.987224982;42173;41.666667,-2.666667
2020-03-31;Soria;1674;1913.623997;122;7.860824742;42173;41.666667,-2.666667
2020-04-01;Soria;1790;2046.228766;116;6.929510155;42173;41.666667,-2.666667
2020-04-06;Soria;2062;2357.164087;67;3.35839599;42173;41.666667,-2.666667
2020-04-07;Soria;2125;2429.182194;63;3.05528613;42173;41.666667,-2.666667
2020-04-12;Soria;2396;2738.974371;38;1.611535199;42173;41.666667,-2.666667
2020-04-13;Soria;2455;2806.4199;59;2.462437396;42173;41.666667,-2.666667
2020-04-16;Soria;2644;3022.474222;82;3.200624512;42173;41.666667,-2.666667
2020-04-17;Soria;2677;3060.197993;33;1.248108926;42173;41.666667,-2.666667
2020-04-24;Soria;3105;3549.463865;60;1.97044335;42173;41.666667,-2.666667
2020-04-27;Soria;3201;3659.205743;41;1.297468354;42173;41.666667,-2.666667
2020-05-01;Soria;3294;3765.518187;16;0.488102502;42173;41.666667,-2.666667
2020-05-02;Soria;3321;3796.383091;27;0.819672131;42173;41.666667,-2.666667
2020-05-03;Soria;3336;3813.530259;15;0.451671183;42173;41.666667,-2.666667
2020-05-05;Soria;3447;3940.419305;54;1.591511936;42173;41.666667,-2.666667
2020-05-11;Soria;3727;4260.499783;68;1.858431265;42173;41.666667,-2.666667
2020-05-12;Soria;3767;4306.225565;40;1.073249262;42173;41.666667,-2.666667
2020-05-13;Soria;3832;4380.529962;65;1.725511017;42173;41.666667,-2.666667
2020-05-14;Soria;3871;4425.1126;39;1.017745303;42173;41.666667,-2.666667
2020-05-18;Soria;3955;4521.136743;34;0.867125733;42173;41.666667,-2.666667
2020-05-24;Soria;4064;4645.7395;9;0.221948212;42173;41.666667,-2.666667
2020-05-26;Soria;4121;4710.89874;27;0.65950171;42173;41.666667,-2.666667
2020-06-04;Soria;4308;4924.666773;27;0.630693763;42173;41.666667,-2.666667
2020-06-06;Soria;4337;4957.817966;7;0.161662818;42173;41.666667,-2.666667
2020-06-11;Soria;4437;5072.132422;19;0.43005885;42173;41.666667,-2.666667
2020-02-29;Valladolid;16;;;;47186;41.583333,-4.666667
2020-03-02;Valladolid;17;;1;6.25;47186;41.583333,-4.666667
2020-03-03;Valladolid;19;;2;11.76470588;47186;41.583333,-4.666667
2020-03-05;Valladolid;26;;2;8.333333333;47186;41.583333,-4.666667
2020-03-07;Valladolid;36;;4;12.5;47186;41.583333,-4.666667
2020-03-10;Valladolid;68;13.05275039;15;28.30188679;47186;41.583333,-4.666667
2020-03-12;Valladolid;110;21.11474327;25;29.41176471;47186;41.583333,-4.666667
2020-03-15;Valladolid;247;47.41219626;52;26.66666667;47186;41.583333,-4.666667
2020-03-20;Valladolid;1707;327.6624252;379;28.53915663;47186;41.583333,-4.666667
2020-03-22;Valladolid;1990;381.984901;158;8.624454148;47186;41.583333,-4.666667
2020-03-24;Valladolid;3111;597.1633302;499;19.10413476;47186;41.583333,-4.666667
2020-03-27;Valladolid;4457;855.531007;411;10.15818092;47186;41.583333,-4.666667
2020-03-28;Valladolid;4647;892.0019272;190;4.262957146;47186;41.583333,-4.666667
2020-03-29;Valladolid;4761;913.8844793;114;2.45319561;47186;41.583333,-4.666667
2020-04-01;Valladolid;5751;1103.917169;267;4.868708972;47186;41.583333,-4.666667
2020-04-02;Valladolid;6016;1154.784505;265;4.607894279;47186;41.583333,-4.666667
2020-04-10;Valladolid;7966;1529.091317;164;2.102025122;47186;41.583333,-4.666667
2020-04-11;Valladolid;8093;1553.469248;127;1.594275672;47186;41.583333,-4.666667
2020-04-13;Valladolid;8751;1679.773804;571;6.980440098;47186;41.583333,-4.666667
2020-04-14;Valladolid;9036;1734.480184;285;3.256770655;47186;41.583333,-4.666667
2020-04-15;Valladolid;9273;1779.972858;237;2.622841965;47186;41.583333,-4.666667
2020-04-22;Valladolid;10180;1954.073514;157;1.566397286;47186;41.583333,-4.666667
2020-04-23;Valladolid;10192;1956.37694;12;0.117878193;47186;41.583333,-4.666667
2020-04-24;Valladolid;10336;1984.018059;144;1.412872841;47186;41.583333,-4.666667
2020-04-29;Valladolid;10757;2064.82994;116;1.090123109;47186;41.583333,-4.666667
2020-05-01;Valladolid;10909;2094.006676;23;0.211280544;47186;41.583333,-4.666667
2020-05-02;Valladolid;10926;2097.269864;17;0.155834632;47186;41.583333,-4.666667
2020-05-03;Valladolid;10936;2099.189386;10;0.091524803;47186;41.583333,-4.666667
2020-05-04;Valladolid;11091;2128.941979;155;1.417337235;47186;41.583333,-4.666667
2020-05-05;Valladolid;11222;2154.087718;131;1.18113786;47186;41.583333,-4.666667
2020-05-06;Valladolid;11373;2183.072502;151;1.345571199;47186;41.583333,-4.666667
2020-05-10;Valladolid;11699;2245.648923;14;0.119811724;47186;41.583333,-4.666667
2020-05-11;Valladolid;11840;2272.714185;141;1.205231216;47186;41.583333,-4.666667
2020-05-16;Valladolid;12217;2345.080169;15;0.122930667;47186;41.583333,-4.666667
2020-05-18;Valladolid;12340;2368.690291;114;0.932439064;47186;41.583333,-4.666667
2020-05-19;Valladolid;12428;2385.582085;88;0.713128039;47186;41.583333,-4.666667
2020-05-24;Valladolid;12694;2436.641374;5;0.039404208;47186;41.583333,-4.666667
2020-05-26;Valladolid;12901;2476.375482;100;0.78118897;47186;41.583333,-4.666667
2020-05-29;Valladolid;13136;2521.484251;90;0.689866626;47186;41.583333,-4.666667
2020-05-31;Valladolid;13154;2524.939391;10;0.076080341;47186;41.583333,-4.666667
2020-06-05;Valladolid;13534;2597.881231;66;0.49005049;47186;41.583333,-4.666667
2020-06-11;Valladolid;13823;2653.355421;74;0.538220962;47186;41.583333,-4.666667
2020-02-29;Zamora;5;;;;49275;41.75,-6.0
2020-03-01;Zamora;5;;0;0.0;49275;41.75,-6.0
2020-03-03;Zamora;7;;1;16.66666667;49275;41.75,-6.0
2020-03-05;Zamora;10;;2;25.0;49275;41.75,-6.0
2020-03-12;Zamora;36;22.72741621;9;33.33333333;49275;41.75,-6.0
2020-03-18;Zamora;242;152.7787423;90;59.21052632;49275;41.75,-6.0
2020-03-19;Zamora;332;209.5972828;90;37.19008264;49275;41.75,-6.0
2020-03-20;Zamora;428;270.203726;96;28.91566265;49275;41.75,-6.0
2020-03-24;Zamora;695;438.7653962;77;12.45954693;49275;41.75,-6.0
2020-03-25;Zamora;779;491.7960341;84;12.08633094;49275;41.75,-6.0
2020-03-27;Zamora;954;602.2765295;101;11.84056272;49275;41.75,-6.0
2020-03-31;Zamora;1131;714.0196592;65;6.097560976;49275;41.75,-6.0
2020-04-02;Zamora;1254;791.6716646;56;4.674457429;49275;41.75,-6.0
2020-04-03;Zamora;1302;821.9748862;48;3.827751196;49275;41.75,-6.0
2020-04-04;Zamora;1320;833.3385943;18;1.382488479;49275;41.75,-6.0
2020-04-07;Zamora;1454;917.935088;56;4.005722461;49275;41.75,-6.0
2020-04-11;Zamora;1607;1014.526607;19;1.196473552;49275;41.75,-6.0
2020-04-12;Zamora;1627;1027.152949;20;1.244555072;49275;41.75,-6.0
2020-04-14;Zamora;1728;1090.915978;53;3.164179104;49275;41.75,-6.0
2020-04-15;Zamora;1768;1116.168663;40;2.314814815;49275;41.75,-6.0
2020-04-16;Zamora;1820;1148.997153;52;2.941176471;49275;41.75,-6.0
2020-04-21;Zamora;1966;1241.169452;33;1.707190895;49275;41.75,-6.0
2020-04-24;Zamora;2061;1301.144578;53;2.639442231;49275;41.75,-6.0
2020-04-28;Zamora;2173;1371.852095;48;2.258823529;49275;41.75,-6.0
2020-05-02;Zamora;2301;1452.660686;6;0.261437908;49275;41.75,-6.0
2020-05-04;Zamora;2369;1495.59025;64;2.776572668;49275;41.75,-6.0
2020-05-06;Zamora;2587;1633.217381;162;6.680412371;49275;41.75,-6.0
2020-05-09;Zamora;2736;1727.283632;8;0.293255132;49275;41.75,-6.0
2020-05-11;Zamora;2781;1755.692902;41;1.496350365;49275;41.75,-6.0
2020-05-19;Zamora;3159;1994.330772;45;1.445086705;49275;41.75,-6.0
2020-05-23;Zamora;3280;2070.720143;6;0.183262065;49275;41.75,-6.0
2020-05-24;Zamora;3281;2071.351461;1;0.030487805;49275;41.75,-6.0
2020-05-25;Zamora;3303;2085.240437;22;0.670527278;49275;41.75,-6.0
2020-05-27;Zamora;3351;2115.543659;11;0.329341317;49275;41.75,-6.0
2020-05-28;Zamora;3376;2131.326587;25;0.746045956;49275;41.75,-6.0
2020-05-29;Zamora;3386;2137.639758;10;0.296208531;49275;41.75,-6.0
2020-05-30;Zamora;3386;2137.639758;0;0.0;49275;41.75,-6.0
2020-06-01;Zamora;3391;2140.796343;4;0.118098612;49275;41.75,-6.0
2020-06-03;Zamora;3423;2160.998491;14;0.410677618;49275;41.75,-6.0
2020-06-06;Zamora;3458;2183.09459;3;0.08683068;49275;41.75,-6.0
2020-06-11;Zamora;3497;2207.715958;10;0.286779467;49275;41.75,-6.0
2020-02-29;Ávila;2;;;;5019;40.616092,-4.929031
2020-03-01;Ávila;3;;1;50.0;5019;40.616092,-4.929031
2020-03-05;Ávila;6;;1;20.0;5019;40.616092,-4.929031
2020-03-08;Ávila;7;;0;0.0;5019;40.616092,-4.929031
2020-03-09;Ávila;9;;2;28.57142857;5019;40.616092,-4.929031
2020-03-10;Ávila;13;8.739319543;4;44.44444444;5019;40.616092,-4.929031
2020-03-14;Ávila;64;43.02434237;12;23.07692308;5019;40.616092,-4.929031
2020-03-15;Ávila;76;51.09140656;12;18.75;5019;40.616092,-4.929031
2020-03-16;Ávila;145;97.47702567;69;90.78947368;5019;40.616092,-4.929031
2020-03-17;Ávila;200;134.4510699;55;37.93103448;5019;40.616092,-4.929031
2020-03-19;Ávila;553;371.7572083;199;56.21468927;5019;40.616092,-4.929031
2020-03-20;Ávila;743;499.4857247;190;34.35804702;5019;40.616092,-4.929031
2020-03-28;Ávila;2034;1367.367381;81;4.147465438;5019;40.616092,-4.929031
2020-03-29;Ávila;2115;1421.820064;81;3.982300885;5019;40.616092,-4.929031
2020-04-01;Ávila;2570;1727.696248;142;5.848434926;5019;40.616092,-4.929031
2020-04-09;Ávila;3370;2265.500528;90;2.743902439;5019;40.616092,-4.929031
2020-04-10;Ávila;3521;2367.011085;151;4.480712166;5019;40.616092,-4.929031
2020-04-15;Ávila;3900;2621.795863;108;2.848101266;5019;40.616092,-4.929031
2020-04-20;Ávila;4195;2820.111191;111;2.717923604;5019;40.616092,-4.929031
2020-04-24;Ávila;4379;2943.806175;54;1.248554913;5019;40.616092,-4.929031
2020-04-25;Ávila;4399;2957.251282;20;0.45672528;5019;40.616092,-4.929031
2020-04-26;Ávila;4409;2963.973836;10;0.227324392;5019;40.616092,-4.929031
2020-04-27;Ávila;4471;3005.653667;62;1.406214561;5019;40.616092,-4.929031
2020-05-01;Ávila;4598;3091.030097;8;0.174291939;5019;40.616092,-4.929031
2020-05-05;Ávila;4716;3170.356228;38;0.812312954;5019;40.616092,-4.929031
2020-05-12;Ávila;5032;3382.788919;49;0.983343367;5019;40.616092,-4.929031
2020-05-14;Ávila;5089;3421.107473;31;0.612890471;5019;40.616092,-4.929031
2020-05-16;Ávila;5140;3455.392496;12;0.23400936;5019;40.616092,-4.929031
2020-05-19;Ávila;5289;3555.558543;20;0.379578668;5019;40.616092,-4.929031
2020-05-22;Ávila;5382;3618.078291;31;0.579330966;5019;40.616092,-4.929031
2020-05-30;Ávila;5552;3732.3617;9;0.162366949;5019;40.616092,-4.929031
2020-06-05;Ávila;5676;3815.721364;19;0.335867067;5019;40.616092,-4.929031
2020-06-06;Ávila;5680;3818.410385;4;0.070472163;5019;40.616092,-4.929031
2020-06-09;Ávila;5727;3850.006386;16;0.280161093;5019;40.616092,-4.929031
2020-02-29;Burgos;11;;;;9059;42.383333,-3.666667
2020-03-09;Burgos;74;;14;23.33333333;9059;42.383333,-3.666667
2020-03-10;Burgos;125;35.78811148;51;68.91891892;9059;42.383333,-3.666667
2020-03-12;Burgos;197;56.40206369;46;30.46357616;9059;42.383333,-3.666667
2020-03-13;Burgos;265;75.87079633;68;34.5177665;9059;42.383333,-3.666667
2020-03-14;Burgos;328;93.90800451;63;23.77358491;9059;42.383333,-3.666667
2020-03-21;Burgos;1964;562.3028075;153;8.448371066;9059;42.383333,-3.666667
2020-03-27;Burgos;4004;1146.364787;345;9.428805685;9059;42.383333,-3.666667
2020-03-28;Burgos;4124;1180.721374;120;2.997002997;9059;42.383333,-3.666667
2020-03-29;Burgos;4219;1207.920339;95;2.303588749;9059;42.383333,-3.666667
2020-03-31;Burgos;4790;1371.400432;238;5.228471002;9059;42.383333,-3.666667
2020-04-06;Burgos;5728;1639.95442;192;3.468208092;9059;42.383333,-3.666667
2020-04-07;Burgos;5877;1682.613849;149;2.601256983;9059;42.383333,-3.666667
2020-04-12;Burgos;6493;1858.977662;49;0.760397269;9059;42.383333,-3.666667
2020-04-19;Burgos;7645;2188.800898;54;0.711368726;9059;42.383333,-3.666667
2020-04-21;Burgos;7888;2258.372987;110;1.414245307;9059;42.383333,-3.666667
2020-04-24;Burgos;8133;2328.517685;86;1.068721263;9059;42.383333,-3.666667
2020-04-30;Burgos;8560;2450.769874;70;0.824499411;9059;42.383333,-3.666667
2020-05-08;Burgos;9023;2583.329039;86;0.962291597;9059;42.383333,-3.666667
2020-05-11;Burgos;9145;2618.258236;101;1.116762494;9059;42.383333,-3.666667
2020-05-16;Burgos;9629;2756.829803;21;0.21856786;9059;42.383333,-3.666667
2020-05-18;Burgos;9772;2797.771403;139;1.442956504;9059;42.383333,-3.666667
2020-05-22;Burgos;10102;2892.252017;82;0.818363273;9059;42.383333,-3.666667
2020-05-24;Burgos;10110;2894.542456;2;0.019786308;9059;42.383333,-3.666667
2020-05-25;Burgos;10201;2920.596201;91;0.900098912;9059;42.383333,-3.666667
2020-05-31;Burgos;10442;2989.59568;2;0.019157088;9059;42.383333,-3.666667
2020-06-01;Burgos;10493;3004.19723;51;0.488412182;9059;42.383333,-3.666667
2020-06-04;Burgos;10630;3043.421;49;0.463094225;9059;42.383333,-3.666667
2020-06-06;Burgos;10683;3058.595159;14;0.131221295;9059;42.383333,-3.666667
2020-06-08;Burgos;10727;3071.192574;41;0.383679581;9059;42.383333,-3.666667
2020-06-09;Burgos;10760;3080.640636;33;0.30763494;9059;42.383333,-3.666667
2020-06-11;Burgos;10837;3102.686112;37;0.342592593;9059;42.383333,-3.666667
2020-03-04;León;5;;2;66.66666667;24089;42.666667,-6.0
2020-03-06;León;6;;1;20.0;24089;42.666667,-6.0
2020-03-08;León;7;;1;16.66666667;24089;42.666667,-6.0
2020-03-10;León;16;3.68690779;4;33.33333333;24089;42.666667,-6.0
2020-03-11;León;21;4.839066475;5;31.25;24089;42.666667,-6.0
2020-03-12;León;35;8.065110792;14;66.66666667;24089;42.666667,-6.0
2020-03-15;León;111;25.5779228;36;48.0;24089;42.666667,-6.0
2020-03-23;León;2589;596.5877668;566;27.97825012;24089;42.666667,-6.0
2020-03-24;León;3050;702.8167976;461;17.80610274;24089;42.666667,-6.0
2020-03-25;León;3479;801.6720127;429;14.06557377;24089;42.666667,-6.0
2020-03-30;León;4855;1118.746083;417;9.39612438;24089;42.666667,-6.0
2020-04-06;León;6211;1431.211518;268;4.509506983;24089;42.666667,-6.0
2020-04-10;León;7075;1630.304539;266;3.906594214;24089;42.666667,-6.0
2020-04-13;León;7418;1709.342624;220;3.056404557;24089;42.666667,-6.0
2020-04-14;León;7624;1756.811562;206;2.777028849;24089;42.666667,-6.0
2020-04-17;León;8097;1865.805774;149;1.874685455;24089;42.666667,-6.0
2020-04-18;León;8123;1871.796999;26;0.321106583;24089;42.666667,-6.0
2020-04-19;León;8170;1882.62729;47;0.578603964;24089;42.666667,-6.0
2020-04-22;León;8653;1993.925819;119;1.394422311;24089;42.666667,-6.0
2020-04-27;León;9102;2097.389669;105;1.167055685;24089;42.666667,-6.0
2020-04-28;León;9189;2117.43723;87;0.955833883;24089;42.666667,-6.0
2020-04-30;León;9387;2163.062714;90;0.968054211;24089;42.666667,-6.0
2020-05-03;León;9462;2180.345095;24;0.254291163;24089;42.666667,-6.0
2020-05-09;León;9949;2292.56535;30;0.302449844;24089;42.666667,-6.0
2020-05-11;León;10059;2317.912841;96;0.963565191;24089;42.666667,-6.0
2020-05-18;León;10540;2428.750507;84;0.803366488;24089;42.666667,-6.0
2020-05-19;León;10622;2447.645909;82;0.777988615;24089;42.666667,-6.0
2020-05-20;León;10691;2463.545699;69;0.64959518;24089;42.666667,-6.0
2020-05-29;León;11246;2591.435313;68;0.608337806;24089;42.666667,-6.0
2020-05-31;León;11264;2595.583084;5;0.044408917;24089;42.666667,-6.0
2020-06-02;León;11410;2629.226118;76;0.670548791;24089;42.666667,-6.0
2020-06-05;León;11632;2680.381964;82;0.70995671;24089;42.666667,-6.0
2020-06-09;León;11800;2719.094495;81;0.691185255;24089;42.666667,-6.0
2020-06-10;León;11890;2739.833352;90;0.762711864;24089;42.666667,-6.0
2020-06-11;León;11957;2755.272278;67;0.563498738;24089;42.666667,-6.0
2020-02-29;Palencia;6;;;;34120;42.432128,-4.520647
2020-03-01;Palencia;6;;0;0.0;34120;42.432128,-4.520647
2020-03-03;Palencia;6;;0;0.0;34120;42.432128,-4.520647
2020-03-08;Palencia;9;;2;28.57142857;34120;42.432128,-4.520647
2020-03-13;Palencia;43;28.03531145;9;26.47058824;34120;42.432128,-4.520647
2020-03-15;Palencia;71;46.2908631;17;31.48148148;34120;42.432128,-4.520647
2020-03-17;Palencia;172;112.1412458;58;50.87719298;34120;42.432128,-4.520647
2020-03-21;Palencia;548;357.287225;72;15.12605042;34120;42.432128,-4.520647
2020-03-23;Palencia;769;501.3756862;165;27.31788079;34120;42.432128,-4.520647
2020-03-27;Palencia;1314;856.7069593;135;11.45038168;34120;42.432128,-4.520647
2020-04-02;Palencia;1824;1189.218793;82;4.707233065;34120;42.432128,-4.520647
2020-04-04;Palencia;1944;1267.456871;35;1.833420639;34120;42.432128,-4.520647
2020-04-08;Palencia;2247;1465.008019;100;4.657661854;34120;42.432128,-4.520647
2020-04-09;Palencia;2324;1515.210786;77;3.426791277;34120;42.432128,-4.520647
2020-04-12;Palencia;2481;1617.572272;18;0.730816078;34120;42.432128,-4.520647
2020-04-14;Palencia;2609;1701.026223;73;2.878548896;34120;42.432128,-4.520647
2020-04-15;Palencia;2681;1747.96907;72;2.759678038;34120;42.432128,-4.520647
2020-04-17;Palencia;2803;1827.511116;58;2.112932605;34120;42.432128,-4.520647
2020-04-20;Palencia;2901;1891.405547;61;2.147887324;34120;42.432128,-4.520647
2020-04-21;Palencia;2959;1929.220618;58;1.999310583;34120;42.432128,-4.520647
2020-04-22;Palencia;3008;1961.167834;49;1.655964853;34120;42.432128,-4.520647
2020-04-23;Palencia;3028;1974.207513;20;0.664893617;34120;42.432128,-4.520647
2020-04-29;Palencia;3231;2106.560263;32;1.000312598;34120;42.432128,-4.520647
2020-04-30;Palencia;3264;2128.075734;33;1.021355617;34120;42.432128,-4.520647
2020-05-01;Palencia;3286;2142.419382;22;0.674019608;34120;42.432128,-4.520647
2020-05-03;Palencia;3311;2158.718982;11;0.333333333;34120;42.432128,-4.520647
2020-05-07;Palencia;3463;2257.820548;36;1.050481471;34120;42.432128,-4.520647
2020-05-08;Palencia;3506;2285.855859;43;1.24169795;34120;42.432128,-4.520647
2020-05-09;Palencia;3518;2293.679667;12;0.342270394;34120;42.432128,-4.520647
2020-05-12;Palencia;3612;2354.966162;37;1.034965035;34120;42.432128,-4.520647
2020-05-20;Palencia;3822;2491.882799;29;0.764566306;34120;42.432128,-4.520647
2020-05-23;Palencia;3901;2543.389534;7;0.179763739;34120;42.432128,-4.520647
2020-05-25;Palencia;3922;2557.081198;20;0.512557663;34120;42.432128,-4.520647
2020-05-29;Palencia;4034;2630.103405;28;0.698951573;34120;42.432128,-4.520647
2020-06-01;Palencia;4075;2656.834748;26;0.64213386;34120;42.432128,-4.520647
2020-06-02;Palencia;4096;2670.526412;21;0.515337423;34120;42.432128,-4.520647
2020-06-03;Palencia;4113;2681.61014;17;0.415039063;34120;42.432128,-4.520647
2020-06-05;Palencia;4157;2710.297435;20;0.483442108;34120;42.432128,-4.520647
2020-06-07;Palencia;4168;2717.469259;4;0.096061479;34120;42.432128,-4.520647
2020-06-08;Palencia;4192;2733.116875;24;0.575815739;34120;42.432128,-4.520647
2020-03-14;Salamanca;185;57.46501623;53;40.15151515;37274;40.833333,-6.0
2020-03-15;Salamanca;316;98.15646016;131;70.81081081;37274;40.833333,-6.0
2020-03-16;Salamanca;586;182.0243217;270;85.44303797;37274;40.833333,-6.0
2020-03-17;Salamanca;886;275.2108345;300;51.19453925;37274;40.833333,-6.0
2020-03-18;Salamanca;1218;378.337242;332;37.4717833;37274;40.833333,-6.0
2020-03-20;Salamanca;1922;597.0149254;385;25.04879636;37274;40.833333,-6.0
2020-03-25;Salamanca;3833;1190.613012;508;15.27819549;37274;40.833333,-6.0
2020-04-01;Salamanca;6047;1878.329476;289;5.019103856;37274;40.833333,-6.0
2020-04-05;Salamanca;6687;2077.12737;91;1.379624015;37274;40.833333,-6.0
2020-04-07;Salamanca;7207;2238.650659;207;2.957142857;37274;40.833333,-6.0
2020-04-11;Salamanca;7672;2383.089754;64;0.841219769;37274;40.833333,-6.0
2020-04-12;Salamanca;7746;2406.075761;74;0.964546403;37274;40.833333,-6.0
2020-04-14;Salamanca;8137;2527.528849;178;2.236461867;37274;40.833333,-6.0
2020-04-15;Salamanca;8271;2569.152158;134;1.646798574;37274;40.833333,-6.0
2020-04-17;Salamanca;8559;2658.61121;150;1.783803068;37274;40.833333,-6.0
2020-04-18;Salamanca;8636;2682.529082;77;0.899637808;37274;40.833333,-6.0
2020-04-27;Salamanca;9465;2940.034479;134;1.436073304;37274;40.833333,-6.0
2020-04-30;Salamanca;9744;3026.697936;81;0.838248991;37274;40.833333,-6.0
2020-05-01;Salamanca;9793;3041.9184;49;0.502873563;37274;40.833333,-6.0
2020-05-05;Salamanca;10105;3138.832373;104;1.03989601;37274;40.833333,-6.0
2020-05-08;Salamanca;10583;3287.30955;128;1.224294596;37274;40.833333,-6.0
2020-05-09;Salamanca;10614;3296.938823;31;0.292922612;37274;40.833333,-6.0
2020-05-17;Salamanca;11243;3492.319878;4;0.035590355;37274;40.833333,-6.0
2020-05-22;Salamanca;11560;3590.78696;65;0.565463245;37274;40.833333,-6.0
2020-05-26;Salamanca;11660;3621.849131;38;0.326966099;37274;40.833333,-6.0
2020-05-27;Salamanca;11711;3637.690838;51;0.437392796;37274;40.833333,-6.0
2020-05-28;Salamanca;11760;3652.911302;49;0.418410042;37274;40.833333,-6.0
2020-06-02;Salamanca;11939;3708.512588;42;0.353030176;37274;40.833333,-6.0
2020-03-02;Segovia;12;;3;33.33333333;40004;41.166667,-4.0
2020-03-05;Segovia;20;;2;11.11111111;40004;41.166667,-4.0
2020-03-08;Segovia;25;;0;0.0;40004;41.166667,-4.0
2020-03-19;Segovia;915;626.3262373;245;36.56716418;40004;41.166667,-4.0
2020-03-21;Segovia;1306;893.9694709;146;12.5862069;40004;41.166667,-4.0
2020-03-26;Segovia;2684;1837.223629;288;12.02003339;40004;41.166667,-4.0
2020-03-31;Segovia;3615;2474.502019;177;5.148342059;40004;41.166667,-4.0
2020-04-02;Segovia;3979;2723.663495;166;4.353527406;40004;41.166667,-4.0
2020-04-03;Segovia;4112;2814.703265;133;3.342548379;40004;41.166667,-4.0
2020-04-04;Segovia;4198;2873.571086;86;2.091439689;40004;41.166667,-4.0
2020-04-08;Segovia;4645;3179.546855;109;2.402998236;40004;41.166667,-4.0
2020-04-10;Segovia;4800;3285.645835;72;1.52284264;40004;41.166667,-4.0
2020-04-13;Segovia;5009;3428.70833;127;2.601392872;40004;41.166667,-4.0
2020-04-17;Segovia;5306;3632.007667;62;1.182303585;40004;41.166667,-4.0
2020-04-20;Segovia;5522;3779.861729;83;1.526015812;40004;41.166667,-4.0
2020-04-23;Segovia;5715;3911.972072;38;0.669367624;40004;41.166667,-4.0
2020-04-27;Segovia;5941;4066.67123;98;1.677220606;40004;41.166667,-4.0
2020-04-29;Segovia;6140;4202.88863;109;1.807328801;40004;41.166667,-4.0
2020-05-06;Segovia;6469;4428.092272;52;0.810347514;40004;41.166667,-4.0
2020-05-07;Segovia;6544;4479.430488;75;1.159375483;40004;41.166667,-4.0
2020-05-08;Segovia;6623;4533.506742;79;1.207212714;40004;41.166667,-4.0
2020-05-09;Segovia;6649;4551.303991;26;0.392571342;40004;41.166667,-4.0
2020-05-11;Segovia;6784;4643.71278;90;1.344487601;40004;41.166667,-4.0
2020-05-16;Segovia;7135;4883.975631;39;0.549605411;40004;41.166667,-4.0
2020-05-24;Segovia;7694;5266.616469;33;0.430753165;40004;41.166667,-4.0
2020-05-25;Segovia;7771;5319.323705;77;1.000779828;40004;41.166667,-4.0
2020-05-27;Segovia;7959;5448.0115;113;1.440224318;40004;41.166667,-4.0
2020-05-29;Segovia;8047;5508.24834;42;0.52467208;40004;41.166667,-4.0
2020-06-04;Segovia;8195;5609.555753;23;0.28144885;40004;41.166667,-4.0
2020-06-06;Segovia;8232;5634.882607;12;0.145985401;40004;41.166667,-4.0
2020-06-09;Segovia;8319;5694.434937;36;0.434625136;40004;41.166667,-4.0
2020-06-11;Segovia;8380;5736.19002;34;0.407380781;40004;41.166667,-4.0
2020-02-29;Soria;5;;;;42173;41.666667,-2.666667
2020-03-04;Soria;6;;0;0.0;42173;41.666667,-2.666667
2020-03-05;Soria;7;;1;16.66666667;42173;41.666667,-2.666667
2020-03-06;Soria;8;;1;14.28571429;42173;41.666667,-2.666667
2020-03-08;Soria;9;;0;0.0;42173;41.666667,-2.666667
2020-03-09;Soria;15;;6;66.66666667;42173;41.666667,-2.666667
2020-03-15;Soria;76;86.87898672;22;40.74074074;42173;41.666667,-2.666667
2020-03-21;Soria;624;713.3222067;60;10.63829787;42173;41.666667,-2.666667
2020-03-22;Soria;670;765.9068566;46;7.371794872;42173;41.666667,-2.666667
2020-03-25;Soria;1066;1218.592103;132;14.13276231;42173;41.666667,-2.666667
2020-03-26;Soria;1203;1375.202908;137;12.85178236;42173;41.666667,-2.666667
2020-03-30;Soria;1552;1774.16036;115;8.002783577;42173;41.666667,-2.666667
2020-04-02;Soria;1868;2135.394042;78;4.357541899;42173;41.666667,-2.666667
2020-04-03;Soria;1936;2213.127872;68;3.640256959;42173;41.666667,-2.666667
2020-04-05;Soria;1995;2280.573401;31;1.578411405;42173;41.666667,-2.666667
2020-04-08;Soria;2186;2498.914013;61;2.870588235;42173;41.666667,-2.666667
2020-04-11;Soria;2358;2695.534877;28;1.201716738;42173;41.666667,-2.666667
2020-04-15;Soria;2562;2928.736368;51;2.031063321;42173;41.666667,-2.666667
2020-04-19;Soria;2759;3153.935847;43;1.583210604;42173;41.666667,-2.666667
2020-04-22;Soria;3005;3435.149409;40;1.349072513;42173;41.666667,-2.666667
2020-04-23;Soria;3045;3480.875191;40;1.331114809;42173;41.666667,-2.666667
2020-04-28;Soria;3234;3696.929514;33;1.030927835;42173;41.666667,-2.666667
2020-04-29;Soria;3254;3719.792405;20;0.61842919;42173;41.666667,-2.666667
2020-05-09;Soria;3653;4175.907085;12;0.329579786;42173;41.666667,-2.666667
2020-05-10;Soria;3659;4182.765953;6;0.164248563;42173;41.666667,-2.666667
2020-05-17;Soria;3921;4482.269828;1;0.025510204;42173;41.666667,-2.666667
2020-05-19;Soria;3993;4564.576236;38;0.960809102;42173;41.666667,-2.666667
2020-05-21;Soria;4032;4609.158874;15;0.373412995;42173;41.666667,-2.666667
2020-05-22;Soria;4046;4625.162898;14;0.347222222;42173;41.666667,-2.666667
2020-05-23;Soria;4055;4635.451199;9;0.222441918;42173;41.666667,-2.666667
2020-05-27;Soria;4159;4754.338234;38;0.922106285;42173;41.666667,-2.666667
2020-05-28;Soria;4187;4786.346281;28;0.673238759;42173;41.666667,-2.666667
2020-05-29;Soria;4211;4813.781751;24;0.57320277;42173;41.666667,-2.666667
2020-05-30;Soria;4230;4835.501498;19;0.45119924;42173;41.666667,-2.666667
2020-06-01;Soria;4245;4852.648666;13;0.307183365;42173;41.666667,-2.666667
2020-06-05;Soria;4330;4949.815954;22;0.510677809;42173;41.666667,-2.666667
2020-06-08;Soria;4361;4985.253435;15;0.345144961;42173;41.666667,-2.666667
2020-06-09;Soria;4389;5017.261483;28;0.642054575;42173;41.666667,-2.666667
2020-06-10;Soria;4418;5050.412675;29;0.660742766;42173;41.666667,-2.666667
2020-03-01;Valladolid;16;;0;0.0;47186;41.583333,-4.666667
2020-03-11;Valladolid;85;16.31593798;17;25.0;47186;41.583333,-4.666667
2020-03-18;Valladolid;955;183.3143621;320;50.39370079;47186;41.583333,-4.666667
2020-03-23;Valladolid;2612;501.3791766;622;31.25628141;47186;41.583333,-4.666667
2020-03-25;Valladolid;3598;690.6440573;487;15.6541305;47186;41.583333,-4.666667
2020-03-26;Valladolid;4046;776.638648;448;12.45136187;47186;41.583333,-4.666667
2020-03-30;Valladolid;5200;998.1515002;439;9.220751943;47186;41.583333,-4.666667
2020-04-05;Valladolid;6481;1244.042283;79;1.233989378;47186;41.583333,-4.666667
2020-04-08;Valladolid;7615;1461.716091;273;3.718332879;47186;41.583333,-4.666667
2020-04-09;Valladolid;7802;1497.611155;187;2.45567958;47186;41.583333,-4.666667
2020-04-17;Valladolid;9613;1845.23661;151;1.595857113;47186;41.583333,-4.666667
2020-04-18;Valladolid;9652;1852.722746;39;0.405700614;47186;41.583333,-4.666667
2020-04-26;Valladolid;10385;1993.423717;33;0.31877898;47186;41.583333,-4.666667
2020-04-28;Valladolid;10641;2042.563483;102;0.96783376;47186;41.583333,-4.666667
2020-04-30;Valladolid;10886;2089.591775;129;1.199219113;47186;41.583333,-4.666667
2020-05-07;Valladolid;11511;2209.561907;138;1.213400158;47186;41.583333,-4.666667
2020-05-08;Valladolid;11673;2240.658166;162;1.407349492;47186;41.583333,-4.666667
2020-05-09;Valladolid;11685;2242.961592;12;0.102801336;47186;41.583333,-4.666667
2020-05-12;Valladolid;11950;2293.828928;110;0.929054054;47186;41.583333,-4.666667
2020-05-14;Valladolid;12102;2323.005665;103;0.858404867;47186;41.583333,-4.666667
2020-05-17;Valladolid;12226;2346.807739;9;0.07366784;47186;41.583333,-4.666667
2020-05-21;Valladolid;12600;2418.597866;73;0.582741279;47186;41.583333,-4.666667
2020-05-25;Valladolid;12801;2457.18026;107;0.842917914;47186;41.583333,-4.666667
2020-05-30;Valladolid;13144;2523.019869;8;0.06090134;47186;41.583333,-4.666667
2020-06-01;Valladolid;13252;2543.750708;98;0.745020526;47186;41.583333,-4.666667
2020-06-06;Valladolid;13539;2598.840993;5;0.036943993;47186;41.583333,-4.666667
2020-06-10;Valladolid;13749;2639.150957;81;0.59262511;47186;41.583333,-4.666667
2020-03-02;Zamora;6;;1;20.0;49275;41.75,-6.0
2020-03-06;Zamora;11;;1;10.0;49275;41.75,-6.0
2020-03-09;Zamora;19;;4;26.66666667;49275;41.75,-6.0
2020-03-10;Zamora;20;12.62634234;1;5.263157895;49275;41.75,-6.0
2020-03-13;Zamora;48;30.30322161;12;33.33333333;49275;41.75,-6.0
2020-03-15;Zamora;58;36.61639278;4;7.407407407;49275;41.75,-6.0
2020-03-16;Zamora;90;56.81854052;32;55.17241379;49275;41.75,-6.0
2020-03-17;Zamora;152;95.96020177;62;68.88888889;49275;41.75,-6.0
2020-03-21;Zamora;460;290.4058738;32;7.476635514;49275;41.75,-6.0
2020-03-22;Zamora;481;303.6635332;21;4.565217391;49275;41.75,-6.0
2020-04-05;Zamora;1328;838.3891312;8;0.606060606;49275;41.75,-6.0
2020-04-09;Zamora;1541;972.8596771;43;2.870493992;49275;41.75,-6.0
2020-04-10;Zamora;1588;1002.531582;47;3.049967554;49275;41.75,-6.0
2020-04-18;Zamora;1887;1191.2954;9;0.479233227;49275;41.75,-6.0
2020-04-20;Zamora;1933;1220.335987;39;2.059134108;49275;41.75,-6.0
2020-04-23;Zamora;2008;1267.684771;8;0.4;49275;41.75,-6.0
2020-04-26;Zamora;2075;1309.983018;6;0.289995167;49275;41.75,-6.0
2020-04-27;Zamora;2125;1341.548873;50;2.409638554;49275;41.75,-6.0
2020-05-01;Zamora;2295;1448.872783;10;0.437636761;49275;41.75,-6.0
2020-05-05;Zamora;2425;1530.944008;56;2.36386661;49275;41.75,-6.0
2020-05-08;Zamora;2728;1722.233095;67;2.517850432;49275;41.75,-6.0
2020-05-10;Zamora;2740;1729.8089;4;0.14619883;49275;41.75,-6.0
2020-05-15;Zamora;3057;1929.936426;56;1.866044652;49275;41.75,-6.0
2020-05-16;Zamora;3067;1936.249598;10;0.32711809;49275;41.75,-6.0
2020-05-20;Zamora;3195;2017.058188;36;1.13960114;49275;41.75,-6.0
2020-05-22;Zamora;3274;2066.932241;40;1.23685838;49275;41.75,-6.0
2020-05-26;Zamora;3340;2108.59917;37;1.120193763;49275;41.75,-6.0
2020-05-31;Zamora;3387;2138.271075;1;0.029533373;49275;41.75,-6.0
2020-06-04;Zamora;3443;2173.624833;20;0.584282793;49275;41.75,-6.0
2020-06-07;Zamora;3458;2183.09459;0;0.0;49275;41.75,-6.0
