Total.acumulado.desde.el.inicio..31.01.20.;Total acumulado hasta 2020-05-20;Casos de hoy
Total acumulado de **casos confirmados**;15009;
Total acumulado de **casos confirmados que han necesitado hospitalizaci�n** (incluyendo UCI);5512;281
Total acumulado de **casos confirmados que han necesitado UCI**;731;43
Total acumulado de **casos confirmados dados de alta epidemiol�gica**;10350;
Total acumulado de **casos confirmados fallecidos**;1399;
Total acumulado de casos confirmados en profesionales sanitarios;2690;
