Total.acumulado.desde.el.inicio..31.01.20.;Total acumulado hasta 2020-05-13;Casos de hoy
Total acumulado de **casos confirmados**;14154;
Total acumulado de **casos confirmados que han necesitado hospitalizaci�n** (incluyendo UCI);5389;411
Total acumulado de **casos confirmados que han necesitado UCI**;717;69
Total acumulado de **casos confirmados dados de alta epidemiol�gica**;9490;
Total acumulado de **casos confirmados fallecidos**;1364;
Total acumulado de casos confirmados en profesionales sanitarios;2675;
