Departamento de Salud;Casos acumulados desde 31-01-2020;Tasa x 100000 habitantes;Habitantes del Departamento de Salud en 2019
DEPARTAMENT DE SALUT DE VINAROS;236;259,9;90816
DEPARTAMENT DE SALUT DE CASTELLO;913;322,6;283021
DEPARTAMENT DE SALUT DE LA PLANA;912;487;187258
DEPARTAMENT DE SALUT DE SAGUNT;556;363,4;152999
DEPARTAMENT DE SALUT DE VCIA CLINIC-LA MALVA-ROSA;1170;338,1;345762
DEPARTAMENT DE SALUT VCIA ARNAU DE VILANOVA LLIRIA;880;275,2;319787
DEPARTAMENT DE SALUT DE VALENCIA - LA FE;1019;353,2;288530
DEPARTAMENT DE SALUT DE REQUENA;472;916,7;51489
DEPARTAMENT DE SALUT DE VALENCIA -HOSPITAL GENERAL;1220;335,1;364017
DEPARTAMENT DE SALUT DE VALENCIA - DOCTOR PESET;902;322,6;279561
DEPARTAMENT DE SALUT DE LA RIBERA;584;224,8;259746
DEPARTAMENT DE SALUT DE GANDIA;268;150,8;177754
DEPARTAMENT DE SALUT DE DENIA;256;149,1;171741
DEPARTAMENT DE SALUT DE XATIVA - ONTINYENT;360;185,1;194513
DEPARTAMENT DE SALUT D'ALCOI;538;392,6;137051
DEPARTAMENT DE SALUT DE LA MARINA BAIXA;828;446,8;185316
DEPARTAMENT DE SALUT D'ALACANT-SANT JOAN D'ALACANT;746;334,9;222767
DEPARTAMENT DE SALUT D'ELDA;675;356;189600
DEPARTAMENT DE SALUT D'ALACANT - HOSPITAL GENERAL;931;335,1;278095
DEPARTAMENT DE SALUT D'ELX - HOSPITAL GENERAL;480;283,5;169314
DEPARTAMENT DE SALUT D'ORIHUELA;209;124,3;168148
DEPARTAMENT DE SALUT DE TORREVIEJA;494;265,6;186025
DEPARTAMENT DE SALUT DE MANISES;563;271,7;207215
DEPARTAMENT DE SALUT DE ELX-CREVILLENT;233;148,9;156506
