Total acumulado desde el inicio (31/01/20);Total acumulado hasta 2020-05-24;Casos de hoy
Total acumulado de **casos confirmados**;15450;
Total acumulado de **casos confirmados que han necesitado hospitalizaci�n** (incluyendo UCI);5740;221
Total acumulado de **casos confirmados que han necesitado UCI**;734;33
Total acumulado de **casos confirmados dados de alta epidemiol�gica**;11010;
Total acumulado de **casos confirmados fallecidos**;1413;
Total acumulado de **casos confirmados en profesionales sanitarios**;2709;
