Total acumulado desde el inicio (31/01/20);Total acumulado hasta 2020-05-22;Casos de hoy
Total acumulado de **casos confirmados**;15405;
Total acumulado de **casos confirmados que han necesitado hospitalizaci�n** (incluyendo UCI);5740;220
Total acumulado de **casos confirmados que han necesitado UCI**;733;32
Total acumulado de **casos confirmados dados de alta epidemiol�gica**;10812;
Total acumulado de **casos confirmados fallecidos**;1409;
Total acumulado de **casos confirmados en profesionales sanitarios**;2698;
