Total.acumulado.desde.el.inicio..31.01.20.;Total acumulado hasta 2020-05-06;Casos de hoy
Total acumulado de **casos confirmados**;13311;
Total acumulado de **casos confirmados que han necesitado hospitalizaci�n** (incluyendo UCI);5252;558
Total acumulado de **casos confirmados que han necesitado UCI**;704;98
Total acumulado de **casos confirmados dados de alta epidemiol�gica**;8010;
Total acumulado de **casos confirmados fallecidos**;1315;
Total acumulado de casos confirmados en profesionales sanitarios;2502;
