Total.acumulado.desde.el.inicio..31.01.20.;Total acumulado hasta 2020-04-30;Casos de hoy
Total acumulado de **casos confirmados**;12209;
Total acumulado de **casos confirmados que han necesitado hospitalizaci�n** (incluyendo UCI);5126;651
Total acumulado de **casos confirmados que han necesitado UCI**;694;119
Total acumulado de **casos confirmados dados de alta epidemiol�gica**;7078;
Total acumulado de **casos confirmados fallecidos**;1253;
Total acumulado de casos confirmados en profesionales sanitarios;2183;
