Total.acumulado.desde.el.inicio..31.01.20.;Total acumulado hasta 2020-05-02;Casos de hoy
Total acumulado de **casos confirmados**;12686;
Total acumulado de **casos confirmados que han necesitado hospitalizaci�n** (incluyendo UCI);5181;634
Total acumulado de **casos confirmados que han necesitado UCI**;698;118
Total acumulado de **casos confirmados dados de alta epidemiol�gica**;7447;
Total acumulado de **casos confirmados fallecidos**;1274;
Total acumulado de casos confirmados en profesionales sanitarios;2251;
