Total acumulado desde el inicio (31/01/20);Total acumulado hasta 2020-05-25;Casos de hoy
Total acumulado de **casos confirmados**;15600;
Total acumulado de **casos confirmados que han necesitado hospitalizaci�n** (incluyendo UCI);5740;211
Total acumulado de **casos confirmados que han necesitado UCI**;734;29
Total acumulado de **casos confirmados dados de alta epidemiol�gica**;11178;
Total acumulado de **casos confirmados fallecidos**;1417;
Total acumulado de **casos confirmados en profesionales sanitarios**;2709;
