fecha;provincia;Personas en centros residenciales;Mortalidad en residencias;Fallecidos con COVID19 confirmado;Fallecidos con síntomas compatibles;Confirmados con COVID19;Aislados con síntomas compatibles con COVID19;En aislamiento preventivo sin síntomas;codigo_ine
2020-04-09;León;7366;314;82;140;204;333;433;24089
2020-04-09;Palencia;4244;93;15;29;41;152;605;34120
2020-04-10;Ávila;3905;151;41;72;162;204;348;5019
2020-04-10;León;7352;321;89;154;306;293;433;24089
2020-04-10;Salamanca;6633;275;112;135;341;509;1195;37274
2020-04-10;Soria;2288;135;61;69;180;227;741;42173
2020-04-14;Segovia;2485;330;141;196;321;263;661;40004
2020-04-15;Palencia;4234;114;29;32;190;95;620;34120
2020-04-15;Valladolid;7173;360;141;133;1005;140;573;47186
2020-04-16;Palencia;4224;116;32;32;231;81;581;34120
2020-04-18;Soria;2242;201;79;85;309;122;821;42173
2020-04-20;Ávila;3543;256;85;77;383;108;394;5019
2020-04-20;León;7200;504;132;180;633;158;365;24089
2020-04-21;Burgos;6593;322;106;100;642;165;824;9059
2020-04-22;Salamanca;6438;540;177;200;663;283;1058;37274
2020-04-22;Zamora;4414;184;41;57;169;82;561;49275
2020-04-23;Burgos;6573;370;114;101;658;118;807;9059
2020-04-26;León;7056;585;163;180;743;89;598;24089
2020-04-29;Burgos;6489;405;137;101;768;63;793;9059
2020-04-30;Ávila;3474;307;105;81;482;85;315;5019
2020-04-30;León;7025;616;181;181;808;48;667;24089
2020-04-30;Segovia;2381;487;172;204;623;76;484;40004
2020-04-30;Valladolid;6941;603;252;119;1078;139;614;47186
2020-05-02;Salamanca;6327;624;225;205;778;169;840;37274
2020-05-02;Zamora;4365;215;51;62;165;64;497;49275
2020-05-03;Salamanca;6320;654;227;205;803;168;831;37274
2020-05-03;Segovia;2371;499;174;204;671;65;470;40004
2020-05-04;Ávila;3466;324;109;82;487;82;311;5019
2020-05-06;León;6972;689;200;185;856;35;580;24089
2020-05-07;Burgos;6448;482;160;103;825;51;500;9059
2020-05-08;Ávila;3383;328;111;83;489;61;283;5019
2020-05-08;Segovia;2370;505;175;205;763;29;347;40004
2020-05-09;Burgos;6451;490;164;104;813;51;508;9059
2020-05-14;Salamanca;6307;758;254;206;975;65;591;37274
2020-05-14;Segovia;2372;519;182;198;848;9;283;40004
2020-05-14;Soria;2165;301;108;91;686;10;263;42173
2020-05-14;Valladolid;6870;696;274;124;1059;108;482;47186
2020-05-15;Salamanca;6292;759;254;206;1015;64;567;37274
2020-05-16;Salamanca;6292;765;254;206;1016;69;553;37274
2020-05-18;Zamora;4309;254;58;63;268;19;115;49275
2020-05-19;León;6952;762;212;187;903;31;355;24089
2020-05-20;Zamora;4213;256;58;63;274;11;100;49275
2020-05-22;Ávila;3461;363;118;85;549;26;285;5019
2020-05-22;Burgos;6376;528;170;109;907;33;294;9059
2020-05-22;Palencia;4150;220;52;36;311;4;71;34120
2020-05-23;León;6958;803;214;188;948;24;313;24089
2020-05-23;Segovia;2373;528;187;196;862;4;216;40004
2020-05-23;Zamora;4203;271;58;63;317;11;103;49275
2020-05-24;Burgos;6369;536;170;109;969;23;302;9059
2020-05-25;Soria;2167;306;108;92;705;2;149;42173
2020-05-25;Valladolid;6801;744;287;125;1069;12;386;47186
2020-05-26;Palencia;4124;235;53;36;303;3;60;34120
2020-05-27;Palencia;4117;238;53;36;302;3;64;34120
2020-05-27;Segovia;2365;538;188;196;866;8;161;40004
2020-05-28;Salamanca;6242;802;259;207;1084;26;223;37274
2020-05-28;Segovia;2366;538;189;196;865;6;99;40004
2020-05-28;Soria;2164;307;108;92;733;0;68;42173
2020-06-01;Palencia;4097;245;53;36;322;5;50;34120
2020-06-01;Segovia;2356;544;190;197;869;7;57;40004
2020-06-01;Soria;2169;309;109;92;733;0;78;42173
2020-06-02;Ávila;3413;385;122;85;584;5;180;5019
2020-06-02;Soria;2162;309;109;93;734;0;79;42173
2020-06-02;Valladolid;6773;765;292;125;1140;15;256;47186
2020-06-02;Zamora;4199;284;60;63;314;5;45;49275
2020-06-03;Palencia;4107;246;53;36;322;2;48;34120
2020-06-03;Zamora;4184;284;60;63;314;3;44;49275
2020-06-04;Valladolid;6765;765;293;125;1140;11;361;47186
2020-06-04;Zamora;4182;284;60;63;314;8;43;49275
2020-06-05;Ávila;3411;385;125;85;579;7;186;5019
2020-06-05;León;6906;840;217;189;1045;6;123;24089
2020-06-05;Palencia;4112;246;54;36;322;1;53;34120
2020-06-05;Salamanca;6225;810;260;207;1090;13;101;37274
2020-06-05;Soria;2167;309;109;93;733;0;95;42173
2020-06-05;Zamora;4178;284;60;63;314;8;42;49275
2020-06-08;Burgos;6320;551;171;109;1027;2;88;9059
2020-06-08;León;6886;840;218;189;1052;5;122;24089
2020-06-08;Salamanca;6224;810;260;207;1095;4;112;37274
2020-06-08;Valladolid;6764;765;295;125;1141;8;212;47186
2020-06-08;Zamora;4179;284;60;63;314;1;42;49275
2020-06-09;León;6893;840;218;189;1052;3;120;24089
2020-06-09;Palencia;4101;246;54;36;322;2;32;34120
2020-06-09;Valladolid;6765;765;295;125;1141;8;209;47186
2020-06-09;Zamora;4177;284;60;63;314;1;43;49275
2020-06-10;Ávila;3411;385;125;85;581;3;178;5019
2020-06-10;León;6895;840;218;189;1055;1;93;24089
2020-06-10;Segovia;2365;544;190;197;869;0;13;40004
2020-06-11;Palencia;4104;246;54;36;322;2;52;34120
2020-06-12;Palencia;4113;262;54;36;322;3;30;34120
2020-06-12;Segovia;2366;562;190;197;868;0;16;40004
2020-06-12;Soria;2167;322;109;93;734;0;61;42173
2020-06-12;Valladolid;6798;818;295;125;1149;4;154;47186
2020-06-12;Zamora;4188;301;61;63;314;1;30;49275
2020-06-15;Palencia;4113;262;54;36;321;1;32;34120
2020-06-15;Salamanca;6236;858;260;207;1090;5;69;37274
2020-06-15;Soria;2170;322;109;93;733;0;64;42173
2020-06-15;Zamora;4193;301;61;63;314;0;29;49275
2020-06-16;Burgos;6341;589;171;109;1022;2;39;9059
2020-06-16;Palencia;4118;262;55;36;324;0;33;34120
2020-06-16;Valladolid;6786;818;297;125;1155;3;162;47186
2020-06-16;Zamora;4193;301;61;63;313;0;29;49275
2020-06-17;León;6912;909;218;190;1055;6;88;24089
2020-06-17;Soria;2168;322;109;93;734;0;60;42173
2020-06-17;Valladolid;6780;818;297;125;1165;1;226;47186
2020-06-18;Valladolid;6785;838;297;125;1166;6;224;47186
2020-06-18;Zamora;4193;309;61;63;311;1;30;49275
2020-06-19;Valladolid;6790;840;297;125;1172;5;169;47186
2020-06-19;Zamora;4192;309;61;63;309;1;30;49275
2020-04-09;Segovia;2550;292;112;165;269;366;667;40004
2020-04-10;Zamora;4397;71;10;38;47;139;309;49275
2020-04-11;Valladolid;7216;307;100;113;540;181;757;47186
2020-04-13;León;7308;358;95;171;423;242;457;24089
2020-04-14;Palencia;4234;110;25;32;174;82;633;34120
2020-04-14;Soria;2261;145;73;80;181;216;748;42173
2020-04-15;León;7308;378;122;184;475;209;434;24089
2020-04-15;Zamora;4368;91;25;52;143;81;307;49275
2020-04-16;Salamanca;6526;366;147;186;430;430;1118;37274
2020-04-19;Palencia;4216;142;36;36;241;92;578;34120
2020-04-19;Salamanca;6490;511;163;195;602;319;1093;37274
2020-04-20;Soria;2238;230;81;85;319;116;816;42173
2020-04-21;Salamanca;6466;515;169;198;604;325;1094;37274
2020-04-23;Palencia;4194;160;39;36;251;68;581;34120
2020-04-23;Valladolid;7037;533;218;124;1073;165;463;47186
2020-04-24;Salamanca;6394;548;193;199;686;250;1056;37274
2020-04-24;Valladolid;7013;540;224;120;1072;157;564;47186
2020-04-25;Valladolid;7001;548;234;122;1061;158;458;47186
2020-04-25;Zamora;4392;196;43;58;172;75;589;49275
2020-04-26;Segovia;2391;469;172;202;522;115;540;40004
2020-04-26;Valladolid;6982;563;240;121;1061;158;559;47186
2020-04-27;León;7050;587;164;180;746;85;719;24089
2020-04-29;Ávila;3473;303;104;80;477;90;319;5019
2020-04-30;Salamanca;6342;608;218;205;755;187;822;37274
2020-05-03;Ávila;3466;322;109;82;485;81;311;5019
2020-05-03;León;7002;669;189;184;825;37;676;24089
2020-05-03;Valladolid;6915;633;258;120;1080;135;589;47186
2020-05-03;Zamora;4359;221;52;62;174;60;496;49275
2020-05-04;Zamora;4354;222;54;62;172;59;495;49275
2020-05-05;Burgos;6448;464;158;103;821;47;767;9059
2020-05-08;Palencia;4161;196;50;36;271;24;309;34120
2020-05-08;Valladolid;6896;659;266;122;1071;117;526;47186
2020-05-09;Soria;2167;290;107;91;683;30;312;42173
2020-05-09;Valladolid;6896;662;268;123;1060;120;559;47186
2020-05-11;Ávila;3385;338;112;83;505;56;282;5019
2020-05-11;Burgos;6438;499;164;106;812;45;506;9059
2020-05-11;Zamora;4327;245;56;63;210;25;322;49275
2020-05-12;Ávila;3380;342;114;83;521;39;287;5019
2020-05-13;Zamora;4326;247;57;63;235;24;289;49275
2020-05-15;León;6957;740;211;185;904;30;437;24089
2020-05-18;Ávila;3381;357;117;85;521;42;324;5019
2020-05-20;Salamanca;6277;777;256;207;1047;37;462;37274
2020-05-22;León;6954;789;213;187;930;29;345;24089
2020-05-22;Salamanca;6270;782;257;207;1051;37;439;37274
2020-05-22;Valladolid;6817;726;284;125;1045;16;591;47186
2020-05-23;Palencia;4146;222;52;36;313;3;67;34120
2020-05-23;Soria;2173;306;108;92;706;2;152;42173
2020-05-25;Burgos;6362;538;170;109;976;23;298;9059
2020-05-25;León;6929;816;215;188;948;25;124;24089
2020-05-25;Segovia;2374;534;187;196;864;5;188;40004
2020-05-26;Ávila;3440;373;120;85;536;24;254;5019
2020-05-26;León;6926;824;215;188;950;21;121;24089
2020-05-27;Ávila;3434;380;120;85;552;24;230;5019
2020-05-27;Burgos;6361;544;171;109;974;19;273;9059
2020-05-29;Burgos;6360;548;171;109;988;10;64;9059
2020-05-29;Valladolid;6791;764;291;125;1123;16;203;47186
2020-06-01;Salamanca;6263;810;260;207;1084;28;163;37274
2020-06-02;Burgos;6339;551;171;109;996;7;55;9059
2020-06-02;Palencia;4099;245;53;36;321;3;36;34120
2020-06-02;Salamanca;6244;810;260;207;1093;26;161;37274
2020-06-03;Ávila;3413;385;123;85;586;5;173;5019
2020-06-04;Salamanca;6225;810;260;207;1090;16;97;37274
2020-04-08;Ávila;3929;132;37;60;117;246;361;5019
2020-04-08;Palencia;4253;83;15;29;37;141;611;34120
2020-04-11;Ávila;3889;155;54;74;226;191;352;5019
2020-04-12;Ávila;3880;158;57;76;269;176;385;5019
2020-04-12;Burgos;6681;216;67;89;230;389;701;9059
2020-04-12;Zamora;4390;75;11;41;55;164;307;49275
2020-04-13;Valladolid;7173;324;126;119;683;149;683;47186
2020-04-14;Zamora;4368;79;23;51;138;84;324;49275
2020-04-15;Soria;2261;146;76;82;241;186;812;42173
2020-04-16;Soria;2245;179;76;86;243;145;849;42173
2020-04-20;Zamora;4429;165;37;55;170;83;574;49275
2020-04-22;Ávila;3525;276;92;75;438;101;336;5019
2020-04-22;Soria;2218;242;87;87;519;87;628;42173
2020-04-26;Soria;2196;256;93;87;569;59;612;42173
2020-04-26;Zamora;4391;197;46;58;175;74;587;49275
2020-04-27;Burgos;6496;393;132;102;737;96;750;9059
2020-04-27;Segovia;2386;472;172;202;590;108;525;40004
2020-04-27;Soria;2194;257;94;87;577;55;600;42173
2020-04-27;Valladolid;6970;563;242;119;1077;171;540;47186
2020-04-27;Zamora;4386;197;49;60;176;62;465;49275
2020-04-28;Burgos;6489;402;135;101;757;71;766;9059
2020-04-29;Palencia;4184;176;46;36;267;47;454;34120
2020-04-29;Soria;2193;265;97;87;597;49;596;42173
2020-04-29;Zamora;4383;201;49;60;167;62;479;49275
2020-05-01;Salamanca;6346;616;220;205;768;177;841;37274
2020-05-02;León;6991;644;186;184;818;37;682;24089
2020-05-03;Burgos;6471;452;150;101;820;71;788;9059
2020-05-04;Burgos;6452;457;155;102;820;51;774;9059
2020-05-05;Soria;2176;277;102;89;580;42;570;42173
2020-05-07;Valladolid;6896;652;266;122;1086;118;523;47186
2020-05-09;Ávila;3387;331;112;83;492;62;288;5019
2020-05-10;Palencia;4168;201;50;36;283;28;308;34120
2020-05-10;Salamanca;6303;720;248;207;985;93;814;37274
2020-05-10;Soria;2168;295;107;91;683;28;308;42173
2020-05-10;Zamora;4331;244;56;63;211;29;328;49275
2020-05-11;Soria;2166;295;108;91;677;26;300;42173
2020-05-12;Soria;2168;296;108;91;676;25;296;42173
2020-05-14;León;6949;740;210;185;871;25;461;24089
2020-05-15;Ávila;3384;352;116;84;522;44;327;5019
2020-05-16;Segovia;2374;523;182;198;841;17;255;40004
2020-05-17;León;6957;758;212;187;903;37;365;24089
2020-05-17;Palencia;4160;208;51;36;311;9;275;34120
2020-05-17;Salamanca;6286;766;255;206;1031;55;520;37274
2020-05-17;Segovia;2370;525;182;199;843;6;255;40004
2020-05-17;Valladolid;6867;707;277;124;1049;109;487;47186
2020-05-19;Palencia;4195;213;52;36;313;8;265;34120
2020-05-20;Segovia;2374;526;187;196;857;5;249;40004
2020-05-21;Ávila;3456;363;117;85;549;24;293;5019
2020-05-21;Segovia;2370;527;187;196;859;5;228;40004
2020-05-21;Zamora;4209;269;58;63;274;12;97;49275
2020-04-08;León;7406;283;75;137;199;345;433;24089
2020-04-09;Ávila;3923;146;38;64;125;239;361;5019
2020-04-09;Valladolid;7242;289;84;109;374;222;512;47186
2020-04-10;Burgos;6710;208;52;90;75;449;554;9059
2020-04-11;Salamanca;6610;279;120;149;369;468;1189;37274
2020-04-11;Zamora;4391;73;10;41;46;138;308;49275
2020-04-12;León;7316;348;93;164;424;232;463;24089
2020-04-12;Salamanca;6593;284;120;161;367;474;1180;37274
2020-04-12;Valladolid;7195;320;107;114;579;191;742;47186
2020-04-13;Palencia;4234;103;23;31;171;92;645;34120
2020-04-14;Burgos;6674;223;74;95;400;270;637;9059
2020-04-14;Salamanca;6585;292;133;169;391;438;1162;37274
2020-04-16;Ávila;3667;205;79;83;346;129;377;5019
2020-04-16;Zamora;4449;103;27;52;139;83;333;49275
2020-04-17;Ávila;3667;213;80;82;345;110;366;5019
2020-04-17;Palencia;4224;118;32;34;238;80;623;34120
2020-04-18;Valladolid;7106;446;174;129;1079;171;484;47186
2020-04-19;Ávila;3543;256;85;77;383;108;394;5019
2020-04-19;Burgos;6598;316;99;98;611;169;843;9059
2020-04-19;Valladolid;7097;471;191;126;1074;170;486;47186
2020-04-19;Zamora;4429;165;37;55;170;83;574;49275
2020-04-20;Salamanca;6490;511;163;195;602;319;1093;37274
2020-04-20;Valladolid;7097;471;191;126;1074;170;486;47186
2020-04-21;León;7112;507;146;175;628;139;395;24089
2020-04-21;Segovia;2427;439;161;202;466;145;576;40004
2020-04-22;Burgos;6592;368;111;101;660;125;811;9059
2020-04-22;León;7150;541;149;176;631;152;444;24089
2020-04-22;Valladolid;7042;529;214;125;1063;173;469;47186
2020-04-23;Soria;2211;244;91;87;562;75;595;42173
2020-04-24;Palencia;4183;160;41;35;245;66;569;34120
2020-04-24;Segovia;2399;459;168;202;515;127;568;40004
2020-04-24;Soria;2202;246;91;87;580;66;599;42173
2020-04-25;Burgos;6517;384;125;101;740;93;755;9059
2020-04-25;Segovia;2390;460;171;202;521;114;538;40004
2020-04-28;Soria;2193;262;97;87;576;56;600;42173
2020-04-30;Burgos;6487;415;139;101;781;56;795;9059
2020-05-01;Segovia;2381;492;172;204;623;81;478;40004
2020-05-01;Soria;2188;271;101;88;579;43;596;42173
2020-05-02;Palencia;4179;183;47;36;265;44;468;34120
2020-05-04;León;6986;672;192;184;827;37;664;24089
2020-05-05;Valladolid;6899;642;264;122;1074;140;622;47186
2020-05-06;Ávila;3469;326;111;83;476;61;321;5019
2020-05-07;León;6966;697;201;185;865;32;540;24089
2020-05-08;León;6967;699;205;185;865;32;532;24089
2020-05-10;Burgos;6446;493;164;104;808;51;507;9059
2020-05-11;Valladolid;6877;676;271;124;1056;111;557;47186
2020-05-12;Segovia;2365;517;182;198;776;28;334;40004
2020-05-12;Zamora;4323;246;57;63;244;24;296;49275
2020-05-14;Palencia;4155;206;51;36;295;10;300;34120
2020-05-15;Palencia;4157;207;51;36;308;12;273;34120
2020-05-17;Zamora;4311;254;58;63;267;20;113;49275
2020-05-18;Segovia;2368;525;183;199;841;7;271;40004
2020-05-20;Burgos;6379;523;170;108;891;37;372;9059
2020-05-20;Valladolid;6816;716;282;125;1048;26;574;47186
2020-05-21;Soria;2167;306;108;92;692;2;205;42173
2020-05-21;Valladolid;6815;725;283;125;1048;18;583;47186
2020-05-23;Burgos;6375;532;170;109;969;20;300;9059
2020-05-23;Valladolid;6815;737;286;125;1044;19;448;47186
2020-05-24;Segovia;2372;532;187;196;863;5;186;40004
2020-05-24;Soria;2169;306;108;92;706;2;149;42173
2020-05-24;Zamora;4202;272;58;63;317;10;86;49275
2020-05-26;Burgos;6367;538;170;109;976;18;281;9059
2020-05-26;Segovia;2370;535;187;196;865;8;162;40004
2020-05-29;Ávila;3423;383;120;85;580;6;142;5019
2020-05-29;Palencia;4111;243;53;36;327;4;40;34120
2020-05-29;Zamora;4200;281;59;63;318;4;49;49275
2020-06-02;Segovia;2347;544;190;197;868;5;17;40004
2020-06-03;León;6913;840;217;188;1046;10;112;24089
2020-06-08;Ávila;3407;385;125;85;582;4;184;5019
2020-06-08;Segovia;2357;544;190;197;869;1;17;40004
2020-06-08;Soria;2170;309;109;93;734;0;96;42173
2020-06-09;Burgos;6325;551;171;109;1027;4;94;9059
2020-06-09;Soria;2172;309;109;93;734;0;100;42173
2020-06-10;Burgos;6324;551;171;109;1030;5;95;9059
2020-06-10;Palencia;4100;246;54;36;322;2;32;34120
2020-06-10;Salamanca;6227;810;260;207;1093;7;110;37274
2020-06-11;Soria;2167;309;109;93;733;0;98;42173
2020-06-12;León;6912;909;218;189;1060;4;92;24089
2020-06-15;Segovia;2361;562;190;197;864;0;26;40004
2020-06-16;León;6901;909;218;190;1054;7;80;24089
2020-06-16;Salamanca;6235;858;260;207;1089;6;64;37274
2020-06-16;Soria;2170;322;109;93;732;0;62;42173
2020-06-17;Burgos;6340;589;171;109;1021;2;38;9059
2020-06-17;Segovia;2377;562;190;197;864;3;26;40004
2020-06-17;Zamora;4191;301;61;63;312;1;32;49275
2020-06-18;Palencia;4100;273;55;36;312;0;34;34120
2020-06-18;Salamanca;6251;864;260;207;1087;5;57;37274
2020-06-19;Burgos;6349;623;171;109;1022;1;32;9059
2020-06-19;Salamanca;6263;867;260;207;1087;6;53;37274
2020-06-19;Segovia;2387;573;190;197;872;0;75;40004
2020-06-19;Soria;2169;332;109;93;732;1;64;42173
2020-04-08;Burgos;6737;181;49;79;70;446;559;9059
2020-04-08;Salamanca;6640;244;97;119;253;575;1142;37274
2020-04-08;Soria;2316;125;52;56;172;223;707;42173
2020-04-08;Valladolid;7264;260;72;107;348;226;539;47186
2020-04-09;Burgos;6711;200;50;85;70;453;562;9059
2020-04-10;Palencia;4234;97;17;29;64;135;667;34120
2020-04-10;Valladolid;7244;296;90;113;433;203;604;47186
2020-04-11;Burgos;6694;213;56;93;118;447;706;9059
2020-04-11;León;7340;344;91;160;379;221;463;24089
2020-04-13;Ávila;3865;163;67;74;276;181;378;5019
2020-04-13;Burgos;6674;218;69;94;271;380;713;9059
2020-04-13;Segovia;2485;323;135;193;295;296;651;40004
2020-04-14;Ávila;3865;173;71;79;285;172;360;5019
2020-04-16;Valladolid;7149;405;161;130;1050;137;569;47186
2020-04-17;Zamora;4449;111;30;55;171;77;463;49275
2020-04-18;Palencia;4221;122;34;34;240;79;628;34120
2020-04-18;Salamanca;6497;402;157;193;547;357;1105;37274
2020-04-18;Segovia;2434;422;151;198;368;186;626;40004
2020-04-19;León;7200;504;132;180;633;158;365;24089
2020-04-20;Burgos;6598;316;99;98;611;169;843;9059
2020-04-20;Segovia;2434;437;156;200;382;179;617;40004
2020-04-21;Valladolid;7076;477;200;125;1071;166;483;47186
2020-04-21;Zamora;4419;165;40;56;171;77;568;49275
2020-04-23;Ávila;3599;282;94;76;453;105;343;5019
2020-04-24;Burgos;6551;372;121;101;746;112;787;9059
2020-04-24;León;7081;553;155;178;740;85;591;24089
2020-04-25;Soria;2199;247;92;87;571;59;612;42173
2020-04-26;Burgos;6511;393;126;102;744;92;755;9059
2020-04-27;Ávila;3479;299;99;80;481;94;292;5019
2020-04-28;Zamora;4383;200;49;60;166;61;479;49275
2020-04-30;Soria;2191;269;99;87;574;45;599;42173
2020-05-02;Burgos;6482;434;149;101;801;56;781;9059
2020-05-02;Valladolid;6933;613;256;120;1083;138;606;47186
2020-05-04;Palencia;4171;186;47;36;268;42;434;34120
2020-05-04;Salamanca;6311;654;229;205;821;166;853;37274
2020-05-05;Zamora;4349;223;54;63;178;57;485;49275
2020-05-06;Palencia;4174;192;50;36;288;27;339;34120
2020-05-07;Ávila;3385;328;111;83;484;62;284;5019
2020-05-08;Soria;2170;285;107;91;665;30;330;42173
2020-05-09;Salamanca;6308;684;245;207;986;94;792;37274
2020-05-10;Valladolid;6885;674;269;123;1057;119;559;47186
2020-05-12;Burgos;6432;502;166;106;828;41;450;9059
2020-05-13;Burgos;6446;507;168;106;824;42;446;9059
2020-05-13;Soria;2166;296;108;91;670;22;255;42173
2020-05-15;Burgos;6387;512;168;107;829;41;470;9059
2020-05-15;Zamora;4314;252;57;63;268;27;160;49275
2020-05-16;León;6956;756;211;186;903;29;442;24089
2020-05-16;Soria;2165;303;108;91;687;10;261;42173
2020-05-17;Soria;2165;303;108;91;687;8;261;42173
2020-05-19;Valladolid;6819;714;279;124;1048;103;501;47186
2020-05-22;Segovia;2370;528;187;196;859;5;236;40004
2020-05-25;Ávila;3446;371;119;85;549;22;247;5019
2020-05-27;León;6936;827;215;188;956;16;114;24089
2020-05-27;Soria;2164;307;108;92;705;1;149;42173
2020-05-28;Burgos;6361;544;171;109;982;20;174;9059
2020-05-28;Valladolid;6796;757;291;125;1114;15;197;47186
2020-05-28;Zamora;4197;278;59;63;319;4;63;49275
2020-06-01;Valladolid;6761;765;291;125;1139;14;269;47186
2020-06-04;Burgos;6336;551;171;109;992;2;88;9059
2020-04-23;Zamora;4404;185;43;58;171;79;561;49275
2020-04-25;Salamanca;6375;550;197;204;676;251;942;37274
2020-04-26;Ávila;3480;296;97;80;466;100;301;5019
2020-04-26;Salamanca;6377;567;201;204;706;237;937;37274
2020-04-28;León;7027;601;175;181;805;66;702;24089
2020-04-28;Palencia;4184;173;45;36;263;66;457;34120
2020-04-29;Salamanca;6354;595;213;204;724;189;866;37274
2020-05-01;Valladolid;6943;609;253;119;1078;138;618;47186
2020-05-02;Ávila;3468;318;109;82;485;79;313;5019
2020-05-03;Palencia;4177;185;47;36;260;43;433;34120
2020-05-05;León;6974;679;195;185;872;39;660;24089
2020-05-05;Salamanca;6310;661;232;205;866;150;814;37274
2020-05-06;Burgos;6447;476;159;103;824;53;492;9059
2020-05-06;Segovia;2368;501;175;204;705;31;416;40004
2020-05-06;Soria;2172;279;106;89;575;59;401;42173
2020-05-06;Zamora;4342;225;54;63;179;56;309;49275
2020-05-07;Segovia;2372;501;175;204;767;27;337;40004
2020-05-07;Soria;2171;284;106;89;669;31;348;42173
2020-05-09;Palencia;4163;200;50;36;269;24;306;34120
2020-05-10;Segovia;2370;515;176;204;779;29;333;40004
2020-05-11;Segovia;2364;515;182;198;777;30;333;40004
2020-05-12;León;6947;735;208;185;857;30;538;24089
2020-05-13;Palencia;4156;205;51;36;283;12;306;34120
2020-05-13;Valladolid;6888;689;273;124;1060;111;490;47186
2020-05-15;Segovia;2372;520;182;198;850;9;271;40004
2020-05-16;Ávila;3386;354;116;84;522;42;320;5019
2020-05-16;Valladolid;6871;705;275;124;1059;109;486;47186
2020-05-16;Zamora;4315;253;58;63;266;27;158;49275
2020-05-18;Burgos;6382;516;170;107;870;39;430;9059
2020-05-18;León;6954;759;212;187;900;34;361;24089
2020-05-18;Palencia;4155;209;52;36;311;10;274;34120
2020-05-18;Salamanca;6282;767;255;206;1047;41;519;37274
2020-05-18;Valladolid;6858;709;277;124;1051;108;489;47186
2020-05-19;Salamanca;6275;776;255;207;1046;43;479;37274
2020-05-20;Palencia;4152;216;52;36;311;6;241;34120
2020-05-21;Palencia;4155;219;52;36;309;5;155;34120
2020-05-23;Salamanca;6267;784;257;207;1070;37;406;37274
2020-05-26;Valladolid;6805;748;288;125;1076;12;384;47186
2020-05-29;León;6926;837;215;188;1009;7;78;24089
2020-06-01;León;6912;840;215;188;1048;9;74;24089
2020-06-01;Zamora;4206;284;60;63;316;3;48;49275
2020-06-03;Burgos;6339;551;171;109;993;5;88;9059
2020-06-03;Soria;2163;309;109;93;735;1;79;42173
2020-04-08;Segovia;2566;274;108;150;266;379;611;40004
2020-04-08;Zamora;4407;69;7;37;8;185;155;49275
2020-04-09;Salamanca;6606;270;103;124;306;511;1197;37274
2020-04-09;Soria;2307;131;54;63;178;226;695;42173
2020-04-09;Zamora;4402;70;7;38;15;177;166;49275
2020-04-10;Segovia;2518;299;126;177;279;304;702;40004
2020-04-12;Segovia;2493;312;133;193;286;298;685;40004
2020-04-13;Soria;2261;141;73;75;183;223;748;42173
2020-04-13;Zamora;4368;77;22;48;117;95;307;49275
2020-04-14;León;7308;369;112;187;437;206;429;24089
2020-04-14;Valladolid;7173;336;133;128;947;124;633;47186
2020-04-15;Ávila;3865;178;76;82;286;179;354;5019
2020-04-15;Salamanca;6585;297;135;181;410;428;1154;37274
2020-04-15;Segovia;2485;337;142;199;338;209;659;40004
2020-04-16;Burgos;6620;261;88;103;523;239;716;9059
2020-04-16;Segovia;2449;384;144;197;346;198;684;40004
2020-04-17;Segovia;2449;414;149;199;360;173;675;40004
2020-04-18;Ávila;3551;220;82;80;374;108;411;5019
2020-04-18;León;7203;474;131;180;649;155;388;24089
2020-04-19;Soria;2238;230;81;85;319;116;816;42173
2020-04-21;Palencia;4209;144;38;35;265;74;580;34120
2020-04-22;Palencia;4203;157;39;35;264;69;581;34120
2020-04-22;Segovia;2421;456;163;202;491;136;592;40004
2020-04-23;León;7099;548;153;176;625;96;471;24089
2020-04-23;Salamanca;6420;545;187;200;679;267;1072;37274
2020-04-24;Ávila;3582;282;94;76;455;100;347;5019
2020-04-25;Ávila;3576;285;95;80;458;102;307;5019
2020-04-25;León;7077;562;160;179;742;88;596;24089
2020-04-25;Palencia;4190;163;41;35;268;61;600;34120
2020-04-27;Palencia;4186;167;44;35;263;65;548;34120
2020-04-28;Ávila;3473;303;103;79;485;92;319;5019
2020-04-28;Segovia;2383;482;172;203;566;98;530;40004
2020-04-28;Valladolid;6953;574;247;119;1076;163;578;47186
2020-04-29;Valladolid;6953;577;250;119;1081;152;565;47186
2020-04-30;Zamora;4377;207;50;61;168;63;497;49275
2020-05-01;Burgos;6480;424;144;101;782;58;791;9059
2020-05-01;León;7021;623;181;182;819;43;691;24089
2020-05-01;Palencia;4179;182;47;36;271;43;463;34120
2020-05-02;Segovia;2377;496;173;204;620;78;494;40004
2020-05-03;Soria;2179;276;102;88;578;42;577;42173
2020-05-04;Segovia;2370;499;174;204;670;66;448;40004
2020-05-04;Valladolid;6906;635;262;122;1078;138;620;47186
2020-05-05;Palencia;4170;189;49;36;281;31;421;34120
2020-05-07;Palencia;4171;196;50;36;289;26;314;34120
2020-05-07;Zamora;4340;228;55;63;193;47;304;49275
2020-05-08;Zamora;4337;230;56;63;202;38;315;49275
2020-05-09;Segovia;2372;507;176;204;779;29;336;40004
2020-05-10;León;6962;724;207;185;865;31;533;24089
2020-05-11;Palencia;4160;202;51;36;284;30;312;34120
2020-05-12;Palencia;4157;205;51;36;285;18;318;34120
2020-05-12;Salamanca;6296;750;252;206;1017;66;801;37274
2020-05-13;Ávila;3378;345;116;84;517;40;292;5019
2020-05-13;Salamanca;6301;750;252;206;988;66;584;37274
2020-05-14;Zamora;4318;252;57;63;270;26;162;49275
2020-05-15;Soria;2164;301;108;91;686;10;263;42173
2020-05-15;Valladolid;6872;698;275;124;1059;109;475;47186
2020-05-16;Burgos;6387;515;169;107;837;40;480;9059
2020-05-17;Ávila;3384;356;116;84;522;41;324;5019
2020-05-19;Segovia;2371;526;183;199;856;4;250;40004
2020-05-19;Soria;2168;304;108;91;688;8;184;42173
2020-05-20;León;6954;764;212;187;903;31;356;24089
2020-05-20;Soria;2169;304;108;91;691;2;207;42173
2020-05-21;León;6953;787;213;187;907;30;352;24089
2020-05-22;Soria;2165;306;108;92;692;2;201;42173
2020-05-23;Ávila;3455;363;119;85;549;23;250;5019
2020-05-24;Ávila;3451;368;119;85;549;23;250;5019
2020-05-24;Palencia;4132;222;52;36;313;2;65;34120
2020-05-24;Salamanca;6259;790;258;207;1070;37;409;37274
2020-05-25;Palencia;4126;225;53;36;313;2;63;34120
2020-05-25;Zamora;4201;273;59;63;326;10;87;49275
2020-05-26;Salamanca;6247;794;259;207;1075;37;380;37274
2020-05-26;Zamora;4203;275;59;63;327;11;86;49275
2020-05-27;Salamanca;6244;802;259;207;1082;31;372;37274
2020-05-27;Zamora;4202;278;59;63;327;13;84;49275
2020-05-28;León;6926;827;215;188;964;14;125;24089
2020-05-29;Salamanca;6268;809;259;207;1084;24;179;37274
2020-05-29;Soria;2158;308;109;92;729;0;62;42173
2020-06-01;Burgos;6345;551;171;109;996;7;55;9059
2020-06-03;Salamanca;6223;810;260;207;1089;16;179;37274
2020-06-03;Segovia;2352;544;190;197;869;5;18;40004
2020-06-03;Valladolid;6772;765;293;125;1140;16;350;47186
2020-06-04;Soria;2163;309;109;93;734;0;95;42173
2020-06-05;Burgos;6335;551;171;109;1009;4;94;9059
2020-06-05;Segovia;2358;544;190;197;866;0;18;40004
2020-06-09;Salamanca;6221;810;260;207;1095;6;114;37274
2020-06-09;Segovia;2364;544;190;197;869;1;12;40004
2020-06-10;Soria;2174;309;109;93;734;0;97;42173
2020-06-10;Valladolid;6780;765;295;125;1146;7;200;47186
2020-06-10;Zamora;4181;284;61;63;315;1;45;49275
2020-06-11;Ávila;3412;385;125;85;581;2;176;5019
2020-06-11;Burgos;6327;551;171;109;1030;6;93;9059
2020-06-11;Segovia;2366;544;190;197;869;1;15;40004
2020-06-11;Valladolid;6786;765;295;125;1154;4;157;47186
2020-06-11;Zamora;4184;284;61;63;313;1;30;49275
2020-06-12;Salamanca;6239;858;260;207;1093;9;72;37274
2020-06-15;Ávila;3409;411;125;85;579;4;181;5019
2020-06-15;Burgos;6341;589;171;109;1023;2;41;9059
2020-06-16;Ávila;3416;411;125;85;578;4;200;5019
2020-06-16;Segovia;2362;562;190;197;864;0;27;40004
2020-06-17;Ávila;3426;411;125;85;579;1;203;5019
2020-06-18;Ávila;3426;417;125;85;580;2;207;5019
2020-06-18;Burgos;6346;619;171;109;1021;0;32;9059
2020-06-18;León;6923;932;218;190;1056;3;53;24089
2020-06-18;Soria;2170;330;109;93;734;0;59;42173
2020-06-19;Ávila;3428;418;125;85;579;3;207;5019
2020-04-11;Palencia;4231;100;18;31;95;132;670;34120
2020-04-11;Segovia;2511;308;128;193;286;325;668;40004
2020-04-11;Soria;2283;138;62;71;181;221;751;42173
2020-04-12;Palencia;4236;101;19;31;127;115;669;34120
2020-04-12;Soria;2271;138;68;73;162;241;752;42173
2020-04-13;Salamanca;6585;289;128;164;380;455;1206;37274
2020-04-15;Burgos;6674;241;81;94;470;266;711;9059
2020-04-16;León;7222;432;127;179;565;177;428;24089
2020-04-17;Burgos;6620;283;93;98;563;211;791;9059
2020-04-17;León;7222;462;128;181;620;159;403;24089
2020-04-17;Salamanca;6526;390;153;188;475;418;1112;37274
2020-04-17;Soria;2245;199;77;85;310;125;818;42173
2020-04-17;Valladolid;7149;425;163;129;1051;112;589;47186
2020-04-18;Burgos;6609;294;94;98;610;179;820;9059
2020-04-18;Zamora;4436;112;35;55;172;78;578;49275
2020-04-19;Segovia;2434;437;156;200;382;179;617;40004
2020-04-20;Palencia;4216;142;36;36;241;92;578;34120
2020-04-21;Ávila;3529;260;91;75;435;101;339;5019
2020-04-21;Soria;2224;232;86;86;483;87;673;42173
2020-04-23;Segovia;2407;456;166;202;505;131;570;40004
2020-04-24;Zamora;4394;190;43;58;169;74;590;49275
2020-04-26;Palencia;4193;167;42;35;267;60;555;34120
2020-04-27;Salamanca;6366;567;203;205;703;212;938;37274
2020-04-28;Salamanca;6354;593;205;204;702;208;900;37274
2020-04-29;León;7027;604;180;181;813;52;670;24089
2020-04-29;Segovia;2383;482;172;204;578;73;526;40004
2020-04-30;Palencia;4181;180;46;36;270;43;459;34120
2020-05-01;Ávila;3476;309;106;81;486;76;312;5019
2020-05-01;Zamora;4369;210;50;62;166;64;499;49275
2020-05-02;Soria;2181;273;101;88;579;42;594;42173
2020-05-04;Soria;2178;276;102;89;577;42;577;42173
2020-05-05;Ávila;3466;325;109;82;489;75;320;5019
2020-05-05;Segovia;2362;499;174;204;717;58;446;40004
2020-05-06;Salamanca;6305;673;238;206;876;125;764;37274
2020-05-06;Valladolid;6897;650;265;122;1077;136;537;47186
2020-05-07;Salamanca;6307;676;239;207;962;121;775;37274
2020-05-08;Burgos;6441;484;163;104;807;49;514;9059
2020-05-08;Salamanca;6305;680;242;209;971;122;765;37274
2020-05-09;León;6964;706;206;185;866;33;535;24089
2020-05-09;Zamora;4336;231;56;63;211;31;332;49275
2020-05-10;Ávila;3388;337;112;83;500;62;291;5019
2020-05-11;León;6954;726;207;185;864;34;543;24089
2020-05-11;Salamanca;6302;722;249;207;1000;94;859;37274
2020-05-12;Valladolid;6876;686;271;124;1054;111;501;47186
2020-05-13;León;6945;737;209;185;850;29;487;24089
2020-05-13;Segovia;2373;517;182;198;805;22;335;40004
2020-05-14;Ávila;3381;352;116;84;522;43;297;5019
2020-05-14;Burgos;6386;511;168;107;825;41;468;9059
2020-05-16;Palencia;4163;207;51;36;312;9;275;34120
2020-05-17;Burgos;6386;515;169;107;869;42;431;9059
2020-05-18;Soria;2167;303;108;91;687;8;261;42173
2020-05-19;Ávila;3462;358;117;85;541;29;299;5019
2020-05-19;Burgos;6378;521;170;107;890;36;389;9059
2020-05-19;Zamora;4262;255;58;63;268;10;132;49275
2020-05-20;Ávila;3459;358;117;85;545;25;300;5019
2020-05-21;Burgos;6378;526;170;109;897;35;409;9059
2020-05-21;Salamanca;6276;781;256;207;1049;37;454;37274
2020-05-22;Zamora;4207;270;58;63;274;11;99;49275
2020-05-24;León;6939;811;215;188;948;24;316;24089
2020-05-24;Valladolid;6808;742;287;125;1071;14;396;47186
2020-05-25;Salamanca;6254;794;259;207;1068;36;415;37274
2020-05-26;Soria;2165;307;108;92;706;1;149;42173
2020-05-27;Valladolid;6803;757;289;125;1086;12;244;47186
2020-05-28;Ávila;3430;380;120;85;567;17;198;5019
2020-05-28;Palencia;4113;238;53;36;324;3;45;34120
2020-05-29;Segovia;2365;541;189;197;872;5;99;40004
2020-06-01;Ávila;3416;385;120;85;591;9;178;5019
2020-06-02;León;6907;840;216;188;1043;8;68;24089
2020-06-04;Ávila;3409;385;123;85;582;8;185;5019
2020-06-04;León;6911;840;217;189;1047;7;120;24089
2020-06-04;Palencia;4111;246;54;36;321;1;39;34120
2020-06-04;Segovia;2355;544;190;197;866;4;19;40004
2020-06-05;Valladolid;6762;765;294;125;1140;9;259;47186
2020-06-08;Palencia;4099;246;54;36;322;1;35;34120
2020-06-09;Ávila;3406;385;125;85;582;3;181;5019
2020-06-11;León;6903;840;218;189;1058;1;92;24089
2020-06-11;Salamanca;6234;810;260;207;1092;6;72;37274
2020-06-12;Ávila;3418;411;125;85;582;1;174;5019
2020-06-12;Burgos;6337;589;171;109;1027;4;95;9059
2020-06-15;León;6900;909;218;190;1055;8;85;24089
2020-06-15;Valladolid;6790;818;297;125;1153;4;161;47186
2020-06-17;Palencia;4119;262;55;36;323;0;37;34120
2020-06-17;Salamanca;6246;858;260;207;1089;6;61;37274
2020-06-18;Segovia;2381;572;190;197;874;0;74;40004
2020-06-19;León;6928;937;218;190;1058;3;54;24089
2020-06-19;Palencia;4093;275;55;36;312;2;35;34120
