Total.acumulado.desde.el.inicio..31.01.20.;Total acumulado hasta 2020-05-11;Casos de hoy
Total acumulado de **casos confirmados**;13937;
Total acumulado de **casos confirmados que han necesitado hospitalizaci�n** (incluyendo UCI);5360;458
Total acumulado de **casos confirmados que han necesitado UCI**;717;82
Total acumulado de **casos confirmados dados de alta epidemiol�gica**;9089;
Total acumulado de **casos confirmados fallecidos**;1351;
Total acumulado de casos confirmados en profesionales sanitarios;2641;
