Total.acumulado.desde.el.inicio..31.01.20.;Total acumulado hasta 2020-05-12;Casos de hoy
Total acumulado de **casos confirmados**;14045;
Total acumulado de **casos confirmados que han necesitado hospitalizaci�n** (incluyendo UCI);5370;437
Total acumulado de **casos confirmados que han necesitado UCI**;717;78
Total acumulado de **casos confirmados dados de alta epidemiol�gica**;9268;
Total acumulado de **casos confirmados fallecidos**;1355;
Total acumulado de casos confirmados en profesionales sanitarios;2667;
