"Total.acumulado.desde.el.inicio..31.01.20.";"Total acumulado hasta 2020-05-14";"Casos de hoy"
"Total acumulado de **casos confirmados**";14392;
"Total acumulado de **casos confirmados que han necesitado hospitalización** (incluyendo UCI)";5415;392
"Total acumulado de **casos confirmados que han necesitado UCI**";721;67
"Total acumulado de **casos confirmados dados de alta epidemiológica**";9708;
"Total acumulado de **casos confirmados fallecidos**";1373;
"Total acumulado de casos confirmados en profesionales sanitarios";2682;
