Total.acumulado.desde.el.inicio..31.01.20.;Total acumulado hasta 2020-05-08;Casos de hoy
Total acumulado de **casos confirmados**;13676;
Total acumulado de **casos confirmados que han necesitado hospitalizaci�n** (incluyendo UCI);5317;488
Total acumulado de **casos confirmados que han necesitado UCI**;709;92
Total acumulado de **casos confirmados dados de alta epidemiol�gica**;8796;
Total acumulado de **casos confirmados fallecidos**;1328;
Total acumulado de casos confirmados en profesionales sanitarios;2617;
