Total.acumulado.desde.el.inicio..31.01.20.;Total acumulado hasta 2020-05-17;Casos de hoy
Total acumulado de **casos confirmados**;14724;
Total acumulado de **casos confirmados que han necesitado hospitalizaci�n** (incluyendo UCI);5469;359
Total acumulado de **casos confirmados que han necesitado UCI**;725;59
Total acumulado de **casos confirmados dados de alta epidemiol�gica**;9970;
Total acumulado de **casos confirmados fallecidos**;1388;
Total acumulado de casos confirmados en profesionales sanitarios;2685;
