Total acumulado desde el inicio (31/01/20);Total acumulado hasta 2020-05-23;Casos de hoy
Total acumulado de **casos confirmados**;15434;
Total acumulado de **casos confirmados que han necesitado hospitalizaci�n** (incluyendo UCI);5740;216
Total acumulado de **casos confirmados que han necesitado UCI**;733;32
Total acumulado de **casos confirmados dados de alta epidemiol�gica**;10866;
Total acumulado de **casos confirmados fallecidos**;1412;
Total acumulado de **casos confirmados en profesionales sanitarios**;2705;
