Total.acumulado.desde.el.inicio..31.01.20.;Total acumulado hasta 2020-05-15;Casos de hoy
Total acumulado de **casos confirmados**;14536;
Total acumulado de **casos confirmados que han necesitado hospitalizaci�n** (incluyendo UCI);5435;367
Total acumulado de **casos confirmados que han necesitado UCI**;722;58
Total acumulado de **casos confirmados dados de alta epidemiol�gica**;9761;
Total acumulado de **casos confirmados fallecidos**;1381;
Total acumulado de casos confirmados en profesionales sanitarios;2685;
