"Total.acumulado.desde.el.inicio..31.01.20.";"Total acumulado hasta 2020-05-07";"Casos de hoy"
"Total acumulado de **casos confirmados**";13507;
"Total acumulado de **casos confirmados que han necesitado hospitalización** (incluyendo UCI)";5287;537
"Total acumulado de **casos confirmados que han necesitado UCI**";706;96
"Total acumulado de **casos confirmados dados de alta epidemiológica**";8181;
"Total acumulado de **casos confirmados fallecidos**";1321;
"Total acumulado de casos confirmados en profesionales sanitarios";2580;
